city,time,month,year,lng,lat,temperature_2m_max,temperature_2m_min,temperature_moyenne_jour,precipitation_sum,windspeed_10m_max,windgusts_10m_max,score_temperature,score_pluie,score_vent,score_rafales,weather_risk_score,risk_category
Casablanca,2026-09-14,9,2026,-7.62,33.5992,32.3,23.6,27.95,0.0,10.3,29.5,0.0,0.0,12.875,29.5,22.07,Faible
Casablanca,2026-09-15,9,2026,-7.62,33.5992,28.0,21.7,24.85,0.0,11.9,33.1,0.0,0.0,14.875,33.1,18.65,Faible
Casablanca,2026-09-16,9,2026,-7.62,33.5992,25.6,20.9,23.25,0.0,14.6,38.2,0.0,0.0,18.25,38.2,23.02,Faible
Casablanca,2026-09-17,9,2026,-7.62,33.5992,25.6,19.7,22.65,0.0,12.5,34.2,0.0,0.0,15.625,34.2,21.17,Faible
Casablanca,2026-09-18,9,2026,-7.62,33.5992,25.4,18.2,21.799999999999997,0.0,14.8,38.5,0.0,0.0,18.5,38.5,23.17,Faible
Casablanca,2026-09-19,9,2026,-7.62,33.5992,28.6,19.8,24.200000000000003,0.0,13.1,34.9,0.0,0.0,16.375,34.9,19.56,Faible
Casablanca,2026-09-20,9,2026,-7.62,33.5992,31.7,21.1,26.4,0.0,13.3,35.3,0.0,0.0,16.625,35.3,19.75,Faible
Tangier,2026-09-14,9,2026,-5.8039,35.7767,29.3,22.6,25.950000000000003,0.0,26.1,61.2,0.0,0.0,32.62500000000001,61.199999999999996,36.52,Modéré
Tangier,2026-09-15,9,2026,-5.8039,35.7767,30.1,21.1,25.6,0.0,16.1,36.7,0.0,0.0,20.125,36.7,26.04,Faible
Tangier,2026-09-16,9,2026,-5.8039,35.7767,26.9,18.2,22.549999999999997,0.0,21.3,48.6,0.0,0.0,26.625,48.6,28.24,Faible
Tangier,2026-09-17,9,2026,-5.8039,35.7767,26.2,18.8,22.5,0.0,15.0,34.9,0.0,0.0,18.75,34.9,22.16,Faible
Tangier,2026-09-18,9,2026,-5.8039,35.7767,28.2,18.7,23.45,0.0,21.4,49.3,0.0,0.0,26.749999999999996,49.3,28.48,Faible
Tangier,2026-09-19,9,2026,-5.8039,35.7767,27.3,21.7,24.5,0.0,34.2,64.8,0.0,0.0,42.75000000000001,64.8,37.13,Modéré
Tangier,2026-09-20,9,2026,-5.8039,35.7767,26.9,22.9,24.9,0.0,35.1,65.5,0.0,0.0,43.875,65.5,37.62,Modéré
Fès,2026-09-14,9,2026,-5.0033,34.0433,38.1,23.5,30.8,0.0,10.8,28.8,8.000000000000007,0.0,13.5,28.800000000000004,20.22,Faible
Fès,2026-09-15,9,2026,-5.0033,34.0433,35.2,23.9,29.55,0.0,15.1,38.2,0.0,0.0,18.875,38.2,23.18,Faible
Fès,2026-09-16,9,2026,-5.0033,34.0433,31.3,20.5,25.9,0.0,16.8,40.3,0.0,0.0,21.000000000000004,40.3,27.34,Faible
Fès,2026-09-17,9,2026,-5.0033,34.0433,27.7,18.7,23.2,0.0,12.2,33.5,0.0,0.0,15.25,33.5,20.86,Faible
Fès,2026-09-18,9,2026,-5.0033,34.0433,32.0,18.0,25.0,0.0,9.7,27.0,0.0,0.0,12.125,27.0,18.13,Faible
Fès,2026-09-19,9,2026,-5.0033,34.0433,37.4,21.2,29.299999999999997,0.0,9.8,26.7,0.0,0.0,12.250000000000002,26.700000000000003,18.07,Faible
Fès,2026-09-20,9,2026,-5.0033,34.0433,38.9,23.5,31.2,0.0,17.2,41.0,11.999999999999993,0.0,21.5,41.0,26.48,Faible
Marrakech,2026-09-14,9,2026,-7.9811,31.6295,39.8,23.2,31.5,0.0,10.9,31.7,15.0,0.0,13.625000000000002,31.7,22.17,Faible
Marrakech,2026-09-15,9,2026,-7.9811,31.6295,38.4,24.4,31.4,0.0,14.8,38.9,13.999999999999984,0.0,18.5,38.9,25.39,Faible
Marrakech,2026-09-16,9,2026,-7.9811,31.6295,34.6,20.3,27.450000000000003,0.0,13.3,35.6,0.0,0.0,16.625,35.6,24.84,Faible
Marrakech,2026-09-17,9,2026,-7.9811,31.6295,30.3,18.3,24.3,0.0,8.8,26.3,0.0,0.0,11.000000000000002,26.3,20.64,Faible
Marrakech,2026-09-18,9,2026,-7.9811,31.6295,31.7,18.2,24.95,0.0,7.9,25.2,0.0,0.0,9.875,25.2,20.03,Faible
Marrakech,2026-09-19,9,2026,-7.9811,31.6295,35.7,19.6,27.650000000000002,0.3,12.9,23.0,0.0,0.75,16.125,23.0,18.16,Faible
Marrakech,2026-09-20,9,2026,-7.9811,31.6295,37.9,20.3,29.1,0.0,11.3,23.0,0.0,0.0,14.125000000000002,23.0,17.43,Faible
Sale,2026-09-14,9,2026,-6.8167,34.05,33.5,23.5,28.5,0.0,11.1,29.2,0.0,0.0,13.874999999999998,29.2,22.23,Faible
Sale,2026-09-15,9,2026,-6.8167,34.05,27.6,21.5,24.55,0.0,13.7,34.9,0.0,0.0,17.125,34.9,19.75,Faible
Sale,2026-09-16,9,2026,-6.8167,34.05,25.8,20.8,23.3,0.0,15.5,39.2,0.0,0.0,19.375,39.2,23.6,Faible
Sale,2026-09-17,9,2026,-6.8167,34.05,25.9,18.8,22.35,0.0,12.0,32.0,0.0,0.0,15.0,32.0,20.35,Faible
Sale,2026-09-18,9,2026,-6.8167,34.05,26.2,17.4,21.799999999999997,0.0,15.3,38.2,0.0,0.0,19.125,38.2,23.24,Faible
Sale,2026-09-19,9,2026,-6.8167,34.05,27.4,17.6,22.5,0.0,12.3,30.6,0.0,0.0,15.375,30.599999999999998,18.02,Faible
Sale,2026-09-20,9,2026,-6.8167,34.05,30.8,21.3,26.05,0.0,13.7,30.2,0.0,0.0,17.125,30.2,23.34,Faible
Meknès,2026-09-14,9,2026,-5.55,33.8833,37.3,23.1,30.2,0.0,16.1,39.6,1.9999999999999927,0.0,20.125,39.6,24.21,Faible
Meknès,2026-09-15,9,2026,-5.55,33.8833,34.2,21.3,27.75,0.0,16.1,40.7,0.0,0.0,20.125,40.7,24.24,Faible
Meknès,2026-09-16,9,2026,-5.55,33.8833,30.3,18.9,24.6,0.0,16.8,42.1,0.0,0.0,21.000000000000004,42.1,27.88,Faible
Meknès,2026-09-17,9,2026,-5.55,33.8833,26.3,17.4,21.85,0.0,12.8,33.8,0.0,0.0,16.0,33.8,21.14,Faible
Meknès,2026-09-18,9,2026,-5.55,33.8833,30.2,15.6,22.9,0.0,11.9,31.3,0.0,0.0,14.875,31.3,20.11,Faible
Meknès,2026-09-19,9,2026,-5.55,33.8833,34.9,19.0,26.95,0.6000000000000001,7.8,28.1,0.0,1.5000000000000002,9.75,28.1,13.32,Faible
Meknès,2026-09-20,9,2026,-5.55,33.8833,37.3,22.0,29.65,0.0,15.5,36.4,0.0,0.0,19.375,36.4,22.76,Faible
Rabat,2026-09-14,9,2026,-6.8414,34.0211,33.5,23.5,28.5,0.0,11.1,29.2,0.0,0.0,13.874999999999998,29.2,22.23,Faible
Rabat,2026-09-15,9,2026,-6.8414,34.0211,27.6,21.6,24.6,0.0,13.7,34.9,0.0,0.0,17.125,34.9,19.75,Faible
Rabat,2026-09-16,9,2026,-6.8414,34.0211,25.8,20.9,23.35,0.0,15.5,39.2,0.0,0.0,19.375,39.2,23.6,Faible
Rabat,2026-09-17,9,2026,-6.8414,34.0211,26.0,18.9,22.45,0.0,12.0,32.0,0.0,0.0,15.0,32.0,20.35,Faible
Rabat,2026-09-18,9,2026,-6.8414,34.0211,26.2,17.5,21.85,0.0,15.3,38.2,0.0,0.0,19.125,38.2,23.24,Faible
Rabat,2026-09-19,9,2026,-6.8414,34.0211,27.4,17.6,22.5,0.0,12.3,30.6,0.0,0.0,15.375,30.599999999999998,18.02,Faible
Rabat,2026-09-20,9,2026,-6.8414,34.0211,30.9,21.4,26.15,0.0,13.7,30.2,0.0,0.0,17.125,30.2,23.34,Faible
Agadir,2026-09-14,9,2026,-9.5831,30.4214,39.3,28.6,33.95,0.0,17.3,43.9,39.50000000000003,0.0,21.625,43.9,31.5,Modéré
Agadir,2026-09-15,9,2026,-9.5831,30.4214,34.2,26.5,30.35,0.2,10.5,30.2,3.500000000000014,0.5,13.125,30.2,20.02,Faible
Agadir,2026-09-16,9,2026,-9.5831,30.4214,36.5,23.8,30.15,0.0,16.3,47.9,1.4999999999999858,0.0,20.375,47.9,29.69,Faible
Agadir,2026-09-17,9,2026,-9.5831,30.4214,28.0,20.3,24.15,0.0,13.8,36.0,0.0,0.0,17.25,36.0,22.11,Faible
Agadir,2026-09-18,9,2026,-9.5831,30.4214,26.3,19.7,23.0,0.0,13.5,36.7,0.0,0.0,16.875,36.7,22.23,Faible
Agadir,2026-09-19,9,2026,-9.5831,30.4214,37.7,20.2,28.950000000000003,0.0,16.3,40.0,0.0,0.0,20.375,40.0,24.09,Faible
Agadir,2026-09-20,9,2026,-9.5831,30.4214,40.1,25.2,32.65,0.0,16.9,38.5,26.499999999999986,0.0,21.125,38.5,30.81,Modéré
Kenitra,2026-09-14,9,2026,-6.5833,34.25,35.0,22.7,28.85,0.0,11.9,29.9,0.0,0.0,14.875,29.9,22.69,Faible
Kenitra,2026-09-15,9,2026,-6.5833,34.25,28.6,21.1,24.85,0.0,13.9,34.2,0.0,0.0,17.375,34.2,19.6,Faible
Kenitra,2026-09-16,9,2026,-6.5833,34.25,26.5,20.7,23.6,0.0,16.5,40.0,0.0,0.0,20.625,40.0,24.16,Faible
Kenitra,2026-09-17,9,2026,-6.5833,34.25,26.5,18.3,22.4,0.0,12.3,33.1,0.0,0.0,15.375,33.1,20.77,Faible
Kenitra,2026-09-18,9,2026,-6.5833,34.25,28.2,17.2,22.7,0.0,15.5,38.9,0.0,0.0,19.375,38.9,21.51,Faible
Kenitra,2026-09-19,9,2026,-6.5833,34.25,29.1,17.0,23.05,0.0,13.7,32.4,0.0,0.0,17.125,32.4,21.0,Faible
Kenitra,2026-09-20,9,2026,-6.5833,34.25,33.7,19.9,26.8,0.0,16.1,36.0,0.0,0.0,20.125,36.0,25.83,Faible
Oujda-Angad,2026-09-14,9,2026,-1.9114,34.6867,30.0,17.5,23.75,0.0,17.1,36.4,0.0,0.0,21.375000000000004,36.4,26.26,Faible
Oujda-Angad,2026-09-15,9,2026,-1.9114,34.6867,30.5,15.9,23.2,0.0,17.1,35.3,0.0,0.0,21.375000000000004,35.3,22.93,Faible
Oujda-Angad,2026-09-16,9,2026,-1.9114,34.6867,32.1,14.9,23.5,0.0,19.2,40.3,0.0,0.0,24.0,40.3,28.09,Faible
Oujda-Angad,2026-09-17,9,2026,-1.9114,34.6867,28.0,16.8,22.4,0.0,16.7,40.0,0.0,0.0,20.875,40.0,24.22,Faible
Oujda-Angad,2026-09-18,9,2026,-1.9114,34.6867,27.0,16.3,21.65,0.0,19.3,42.1,0.0,0.0,24.125000000000004,42.1,23.66,Faible
Oujda-Angad,2026-09-19,9,2026,-1.9114,34.6867,31.5,17.4,24.45,0.0,18.8,33.8,0.0,0.0,23.5,33.8,21.02,Faible
Oujda-Angad,2026-09-20,9,2026,-1.9114,34.6867,31.5,19.2,25.35,0.0,20.9,37.4,0.0,0.0,26.125,37.4,24.75,Faible
Tétouan,2026-09-14,9,2026,-5.3667,35.5667,26.9,22.1,24.5,0.0,18.1,46.4,0.0,0.0,22.625,46.4,26.58,Faible
Tétouan,2026-09-15,9,2026,-5.3667,35.5667,28.2,20.8,24.5,0.0,13.0,34.6,0.0,0.0,16.25,34.6,21.44,Faible
Tétouan,2026-09-16,9,2026,-5.3667,35.5667,33.7,18.3,26.0,0.0,25.3,58.7,0.0,0.0,31.625000000000004,58.70000000000001,35.52,Modéré
Tétouan,2026-09-17,9,2026,-5.3667,35.5667,27.9,17.5,22.7,0.0,11.3,27.4,0.0,0.0,14.125000000000002,27.399999999999995,18.75,Faible
Tétouan,2026-09-18,9,2026,-5.3667,35.5667,26.4,17.2,21.799999999999997,0.0,20.3,46.1,0.0,0.0,25.375000000000004,46.1,27.17,Faible
Tétouan,2026-09-19,9,2026,-5.3667,35.5667,27.1,21.7,24.4,0.0,27.8,56.5,0.0,0.0,34.75,56.49999999999999,32.64,Modéré
Tétouan,2026-09-20,9,2026,-5.3667,35.5667,26.7,22.9,24.799999999999997,0.0,26.5,62.3,0.0,0.0,33.125,62.3,33.97,Modéré
Safi,2026-09-14,9,2026,-9.2333,32.2833,34.1,24.7,29.4,0.0,17.6,32.4,0.0,0.0,22.000000000000004,32.4,22.22,Faible
Safi,2026-09-15,9,2026,-9.2333,32.2833,33.1,23.1,28.1,0.0,25.1,43.9,0.0,0.0,31.375000000000004,43.9,31.01,Modéré
Safi,2026-09-16,9,2026,-9.2333,32.2833,26.7,20.4,23.549999999999997,0.0,28.5,50.0,0.0,0.0,35.625,50.0,30.91,Modéré
Safi,2026-09-17,9,2026,-9.2333,32.2833,24.7,18.8,21.75,0.0,19.6,34.2,0.0,0.0,24.500000000000004,34.2,23.38,Faible
Safi,2026-09-18,9,2026,-9.2333,32.2833,25.8,18.3,22.05,0.0,23.7,43.6,0.0,0.0,29.625,43.6,27.49,Faible
Safi,2026-09-19,9,2026,-9.2333,32.2833,31.2,19.1,25.15,0.0,18.8,34.6,0.0,0.0,23.5,34.6,23.26,Faible
Safi,2026-09-20,9,2026,-9.2333,32.2833,37.2,22.5,29.85,0.0,20.6,38.5,0.0,0.0,25.75,38.5,27.99,Faible
Taourirt,2026-09-14,9,2026,-2.89,34.41,31.5,19.2,25.35,0.0,24.5,40.7,0.0,0.0,30.625000000000004,40.7,29.87,Faible
Taourirt,2026-09-15,9,2026,-2.89,34.41,32.2,18.9,25.55,0.0,23.6,38.2,0.0,0.0,29.500000000000004,38.2,25.84,Faible
Taourirt,2026-09-16,9,2026,-2.89,34.41,34.0,18.4,26.2,0.0,23.4,37.4,0.0,0.0,29.25,37.4,28.53,Faible
Taourirt,2026-09-17,9,2026,-2.89,34.41,29.9,20.0,24.95,0.0,26.2,46.4,0.0,0.0,32.75,46.4,29.11,Faible
Taourirt,2026-09-18,9,2026,-2.89,34.41,29.0,18.5,23.75,0.0,26.8,48.6,0.0,0.0,33.5,48.6,27.96,Faible
Taourirt,2026-09-19,9,2026,-2.89,34.41,31.7,18.7,25.2,0.0,17.7,30.6,0.0,0.0,22.125,30.599999999999998,21.71,Faible
Taourirt,2026-09-20,9,2026,-2.89,34.41,31.7,19.9,25.799999999999997,0.0,21.8,35.3,0.0,0.0,27.250000000000004,35.3,22.4,Faible
Temara,2026-09-14,9,2026,-6.9076,33.9234,33.4,23.5,28.45,0.0,11.0,29.9,0.0,0.0,13.750000000000002,29.9,22.41,Faible
Temara,2026-09-15,9,2026,-6.9076,33.9234,27.6,21.1,24.35,0.0,13.2,36.0,0.0,0.0,16.499999999999996,36.0,24.92,Faible
Temara,2026-09-16,9,2026,-6.9076,33.9234,25.6,20.3,22.950000000000003,0.0,15.9,41.0,0.0,0.0,19.875,41.0,24.27,Faible
Temara,2026-09-17,9,2026,-6.9076,33.9234,25.7,18.5,22.1,0.0,12.4,33.1,0.0,0.0,15.5,33.1,20.8,Faible
Temara,2026-09-18,9,2026,-6.9076,33.9234,26.4,16.4,21.4,0.0,14.8,38.9,0.0,0.0,18.5,38.9,21.3,Faible
Temara,2026-09-19,9,2026,-6.9076,33.9234,25.8,17.5,21.65,0.0,12.6,27.0,0.0,0.0,15.75,27.0,19.04,Faible
Temara,2026-09-20,9,2026,-6.9076,33.9234,29.3,20.7,25.0,0.0,13.8,27.7,0.0,0.0,17.25,27.699999999999996,22.62,Faible
Laâyoune,2026-09-14,9,2026,-13.2,27.15,41.1,25.7,33.4,0.2,31.1,57.2,33.999999999999986,0.5,38.87500000000001,57.2,35.13,Modéré
Laâyoune,2026-09-15,9,2026,-13.2,27.15,40.2,25.9,33.05,0.0,27.8,53.6,30.49999999999997,0.0,34.75,53.6,39.34,Modéré
Laâyoune,2026-09-16,9,2026,-13.2,27.15,36.0,22.0,29.0,0.0,28.8,55.4,0.0,0.0,36.0,55.39999999999999,35.62,Modéré
Laâyoune,2026-09-17,9,2026,-13.2,27.15,28.8,21.5,25.15,0.0,28.5,54.7,0.0,0.0,35.625,54.7,32.32,Modéré
Laâyoune,2026-09-18,9,2026,-13.2,27.15,28.0,19.0,23.5,0.0,26.1,51.8,0.0,0.0,32.62500000000001,51.800000000000004,30.7,Modéré
Laâyoune,2026-09-19,9,2026,-13.2,27.15,29.0,18.3,23.65,0.0,20.8,43.2,0.0,0.0,26.0,43.2,26.46,Faible
Laâyoune,2026-09-20,9,2026,-13.2,27.15,32.4,18.6,25.5,0.0,22.1,47.2,0.0,0.0,27.625,47.2,31.07,Modéré
El Jadid,2026-09-14,9,2026,-8.5025,33.2566,29.8,21.0,25.4,0.0,13.3,24.1,0.0,0.0,16.625,24.1,21.39,Faible
El Jadid,2026-09-15,9,2026,-8.5025,33.2566,26.6,21.5,24.05,0.0,16.6,29.9,0.0,0.0,20.75,29.9,19.16,Faible
El Jadid,2026-09-16,9,2026,-8.5025,33.2566,25.0,20.9,22.95,0.0,19.7,35.6,0.0,0.0,24.625,35.6,23.84,Faible
El Jadid,2026-09-17,9,2026,-8.5025,33.2566,25.1,19.5,22.3,0.0,15.2,27.0,0.0,0.0,19.0,27.0,19.85,Faible
El Jadid,2026-09-18,9,2026,-8.5025,33.2566,24.4,19.0,21.7,0.0,19.0,35.3,0.0,0.0,23.75,35.3,21.53,Faible
El Jadid,2026-09-19,9,2026,-8.5025,33.2566,27.0,20.5,23.75,0.0,18.4,34.9,0.0,0.0,23.0,34.9,23.22,Faible
El Jadid,2026-09-20,9,2026,-8.5025,33.2566,29.2,21.1,25.15,0.0,17.3,32.8,0.0,0.0,21.625,32.8,20.25,Faible
Ait Melloul,2026-09-14,9,2026,-9.4972,30.3342,39.8,25.3,32.55,0.0,17.7,34.2,25.49999999999997,0.0,22.125,34.2,26.62,Faible
Ait Melloul,2026-09-15,9,2026,-9.4972,30.3342,34.0,25.2,29.6,0.3,17.7,34.6,0.0,0.75,22.125,34.6,23.14,Faible
Ait Melloul,2026-09-16,9,2026,-9.4972,30.3342,29.4,21.6,25.5,0.0,20.5,39.6,0.0,0.0,25.624999999999996,39.6,28.29,Faible
Ait Melloul,2026-09-17,9,2026,-9.4972,30.3342,26.6,21.0,23.8,0.0,17.5,34.2,0.0,0.0,21.875,34.2,22.73,Faible
Ait Melloul,2026-09-18,9,2026,-9.4972,30.3342,26.3,20.0,23.15,0.0,18.4,36.0,0.0,0.0,23.0,36.0,23.55,Faible
Ait Melloul,2026-09-19,9,2026,-9.4972,30.3342,38.0,20.3,29.15,0.0,16.3,40.0,0.0,0.0,20.375,40.0,24.09,Faible
Ait Melloul,2026-09-20,9,2026,-9.4972,30.3342,40.3,25.4,32.849999999999994,0.0,16.9,38.5,28.499999999999943,0.0,21.125,38.5,31.11,Modéré
Béni Mellal,2026-09-14,9,2026,-6.3608,32.3394,38.4,25.5,31.95,0.0,18.6,40.3,19.499999999999993,0.0,23.25,40.3,27.83,Faible
Béni Mellal,2026-09-15,9,2026,-6.3608,32.3394,36.5,25.3,30.9,0.0,21.0,45.0,8.999999999999986,0.0,26.25,45.0,28.41,Faible
Béni Mellal,2026-09-16,9,2026,-6.3608,32.3394,32.7,21.2,26.950000000000003,0.0,17.9,36.7,0.0,0.0,22.374999999999996,36.7,23.6,Faible
Béni Mellal,2026-09-17,9,2026,-6.3608,32.3394,29.8,18.7,24.25,0.0,10.7,24.8,0.0,0.0,13.374999999999998,24.8,17.78,Faible
Béni Mellal,2026-09-18,9,2026,-6.3608,32.3394,31.6,18.9,25.25,0.0,10.6,20.9,0.0,0.0,13.25,20.9,16.58,Faible
Béni Mellal,2026-09-19,9,2026,-6.3608,32.3394,35.7,22.6,29.150000000000002,0.6000000000000001,14.3,28.4,0.0,1.5000000000000002,17.875000000000004,28.4,20.44,Faible
Béni Mellal,2026-09-20,9,2026,-6.3608,32.3394,37.8,26.6,32.2,0.0,18.0,37.1,22.00000000000003,0.0,22.5,37.1,27.06,Faible
Bouskoura,2026-09-14,9,2026,-7.6486,33.4489,37.0,24.2,30.6,0.0,15.5,38.5,6.000000000000014,0.0,19.375,38.5,24.29,Faible
Bouskoura,2026-09-15,9,2026,-7.6486,33.4489,31.3,20.7,26.0,0.0,16.1,39.2,0.0,0.0,20.125,39.2,21.79,Faible
Bouskoura,2026-09-16,9,2026,-7.6486,33.4489,26.8,19.6,23.200000000000003,0.0,17.5,42.1,0.0,0.0,21.875,42.1,23.1,Faible
Bouskoura,2026-09-17,9,2026,-7.6486,33.4489,26.5,18.8,22.65,0.0,14.0,35.6,0.0,0.0,17.5,35.6,22.06,Faible
Bouskoura,2026-09-18,9,2026,-7.6486,33.4489,27.3,16.8,22.05,0.0,17.7,42.8,0.0,0.0,22.125,42.8,23.37,Faible
Bouskoura,2026-09-19,9,2026,-7.6486,33.4489,27.8,19.0,23.4,0.0,13.1,34.9,0.0,0.0,16.375,34.9,19.56,Faible
Bouskoura,2026-09-20,9,2026,-7.6486,33.4489,30.9,20.3,25.6,0.0,13.3,35.3,0.0,0.0,16.625,35.3,19.75,Faible
Tiznit,2026-09-14,9,2026,-9.7269,29.7,39.9,29.5,34.7,0.1,27.9,46.4,47.00000000000003,0.25,34.875,46.4,36.76,Modéré
Tiznit,2026-09-15,9,2026,-9.7269,29.7,36.0,27.3,31.65,0.0,20.0,32.4,16.499999999999986,0.0,25.0,32.4,28.44,Faible
Tiznit,2026-09-16,9,2026,-9.7269,29.7,31.6,21.4,26.5,0.0,22.5,38.2,0.0,0.0,28.125,38.2,28.49,Faible
Tiznit,2026-09-17,9,2026,-9.7269,29.7,24.2,19.4,21.799999999999997,0.0,23.2,38.2,0.0,0.0,28.999999999999996,38.2,25.71,Faible
Tiznit,2026-09-18,9,2026,-9.7269,29.7,24.9,19.2,22.049999999999997,0.0,22.3,37.1,0.0,0.0,27.875,37.1,25.1,Faible
Tiznit,2026-09-19,9,2026,-9.7269,29.7,28.4,19.4,23.9,0.0,15.6,25.9,0.0,0.0,19.5,25.900000000000002,19.64,Faible
Tiznit,2026-09-20,9,2026,-9.7269,29.7,31.2,23.3,27.25,0.0,17.0,29.2,0.0,0.0,21.25,29.2,24.07,Faible
Mohammedia,2026-09-14,9,2026,-7.3833,33.6833,31.3,22.8,27.05,0.0,11.3,26.6,0.0,0.0,14.125000000000002,26.6,21.51,Faible
Mohammedia,2026-09-15,9,2026,-7.3833,33.6833,26.8,21.1,23.950000000000003,0.0,14.3,33.1,0.0,0.0,17.875000000000004,33.1,19.4,Faible
Mohammedia,2026-09-16,9,2026,-7.3833,33.6833,25.3,20.7,23.0,0.0,16.7,38.5,0.0,0.0,20.875,38.5,23.77,Faible
Mohammedia,2026-09-17,9,2026,-7.3833,33.6833,25.3,19.5,22.4,0.0,14.2,33.5,0.0,0.0,17.75,33.5,21.49,Faible
Mohammedia,2026-09-18,9,2026,-7.3833,33.6833,25.0,17.1,21.05,0.0,15.9,37.8,0.0,0.0,19.875,37.8,23.31,Faible
Mohammedia,2026-09-19,9,2026,-7.3833,33.6833,30.0,18.8,24.4,0.0,17.5,32.8,0.0,0.0,21.875,32.8,20.31,Faible
Mohammedia,2026-09-20,9,2026,-7.3833,33.6833,33.6,21.2,27.4,0.0,19.1,36.4,0.0,0.0,23.875,36.4,26.89,Faible
Kouribga,2026-09-14,9,2026,-6.9,32.88,37.5,22.1,29.8,0.0,27.2,52.9,0.0,0.0,34.0,52.900000000000006,31.37,Modéré
Kouribga,2026-09-15,9,2026,-6.9,32.88,34.8,21.3,28.049999999999997,0.0,25.2,48.6,0.0,0.0,31.5,48.6,29.46,Faible
Kouribga,2026-09-16,9,2026,-6.9,32.88,31.6,17.9,24.75,0.0,21.6,41.4,0.0,0.0,27.0,41.4,29.17,Faible
Kouribga,2026-09-17,9,2026,-6.9,32.88,28.3,13.7,21.0,0.0,18.4,35.6,0.0,0.0,23.0,35.6,21.43,Faible
Kouribga,2026-09-18,9,2026,-6.9,32.88,29.9,14.3,22.1,0.0,17.4,35.6,0.0,0.0,21.749999999999996,35.6,23.12,Faible
Kouribga,2026-09-19,9,2026,-6.9,32.88,33.4,17.4,25.4,0.3,12.0,32.0,0.0,0.75,15.0,32.0,20.58,Faible
Kouribga,2026-09-20,9,2026,-6.9,32.88,35.8,19.1,27.45,0.0,22.3,43.9,0.0,0.0,27.875,43.9,30.14,Modéré
Settat,2026-09-14,9,2026,-7.6198,33.0023,39.8,23.7,31.75,0.0,23.3,49.3,17.5,0.0,29.125,49.3,31.7,Modéré
Settat,2026-09-15,9,2026,-7.6198,33.0023,35.6,22.1,28.85,0.0,23.8,49.7,0.0,0.0,29.75,49.7,29.35,Faible
Settat,2026-09-16,9,2026,-7.6198,33.0023,29.7,19.0,24.35,0.0,20.4,41.4,0.0,0.0,25.5,41.4,25.8,Faible
Settat,2026-09-17,9,2026,-7.6198,33.0023,27.1,17.1,22.1,0.0,16.6,35.3,0.0,0.0,20.75,35.3,22.78,Faible
Settat,2026-09-18,9,2026,-7.6198,33.0023,30.0,15.7,22.85,0.0,18.2,41.0,0.0,0.0,22.749999999999996,41.0,22.99,Faible
Settat,2026-09-19,9,2026,-7.6198,33.0023,34.4,16.8,25.6,0.0,18.7,35.6,0.0,0.0,23.375,35.6,23.52,Faible
Settat,2026-09-20,9,2026,-7.6198,33.0023,37.2,21.7,29.450000000000003,0.3,24.3,47.5,0.0,0.75,30.375000000000004,47.5,24.07,Faible
Barrechid,2026-09-14,9,2026,-7.5872,33.27,39.9,24.0,31.95,0.0,22.6,41.0,19.499999999999993,0.0,28.250000000000004,41.0,29.29,Faible
Barrechid,2026-09-15,9,2026,-7.5872,33.27,34.8,20.7,27.75,0.0,21.7,39.2,0.0,0.0,27.125,39.2,28.54,Faible
Barrechid,2026-09-16,9,2026,-7.5872,33.27,28.8,18.7,23.75,0.0,21.0,37.4,0.0,0.0,26.25,37.4,24.78,Faible
Barrechid,2026-09-17,9,2026,-7.5872,33.27,27.3,17.7,22.5,0.0,16.8,30.2,0.0,0.0,21.000000000000004,30.2,21.31,Faible
Barrechid,2026-09-18,9,2026,-7.5872,33.27,29.3,16.0,22.65,0.0,20.2,37.4,0.0,0.0,25.25,37.4,22.53,Faible
Barrechid,2026-09-19,9,2026,-7.5872,33.27,33.0,18.0,25.5,0.0,19.9,36.0,0.0,0.0,24.874999999999996,36.0,22.02,Faible
Barrechid,2026-09-20,9,2026,-7.5872,33.27,37.0,20.9,28.95,0.0,19.8,38.2,0.0,0.0,24.75,38.2,24.65,Faible
Ad Dakhla,2026-09-14,9,2026,-15.95,23.7167,22.4,19.9,21.15,0.0,19.7,24.5,0.0,0.0,24.625,24.5,23.51,Faible
Ad Dakhla,2026-09-15,9,2026,-15.95,23.7167,23.9,19.7,21.799999999999997,0.0,28.7,34.6,0.0,0.0,35.875,34.6,26.35,Faible
Ad Dakhla,2026-09-16,9,2026,-15.95,23.7167,23.6,21.7,22.65,0.0,34.0,42.1,0.0,0.0,42.5,42.1,33.26,Modéré
Ad Dakhla,2026-09-17,9,2026,-15.95,23.7167,22.4,19.8,21.1,0.0,38.1,48.6,0.0,0.0,47.625,48.6,36.49,Modéré
Ad Dakhla,2026-09-18,9,2026,-15.95,23.7167,21.2,20.2,20.7,0.0,35.6,45.4,0.0,0.0,44.5,45.4,34.74,Modéré
Ad Dakhla,2026-09-19,9,2026,-15.95,23.7167,21.0,19.9,20.45,0.0,28.1,35.6,0.0,0.0,35.125,35.6,29.46,Faible
Ad Dakhla,2026-09-20,9,2026,-15.95,23.7167,21.7,19.6,20.65,0.0,30.4,39.2,0.0,0.0,38.0,39.2,31.26,Modéré
Nador,2026-09-14,9,2026,-2.9333,35.1667,26.2,23.2,24.7,0.0,14.2,32.8,0.0,0.0,17.75,32.8,21.28,Faible
Nador,2026-09-15,9,2026,-2.9333,35.1667,26.2,22.0,24.1,0.0,11.6,27.0,0.0,0.0,14.499999999999998,27.0,18.73,Faible
Nador,2026-09-16,9,2026,-2.9333,35.1667,29.8,20.8,25.3,0.0,8.6,24.8,0.0,0.0,10.75,24.8,17.13,Faible
Nador,2026-09-17,9,2026,-2.9333,35.1667,26.1,22.1,24.1,0.0,11.5,27.0,0.0,0.0,14.374999999999998,27.0,18.69,Faible
Nador,2026-09-18,9,2026,-2.9333,35.1667,25.3,21.5,23.4,0.3,13.5,32.4,0.0,0.75,16.875,32.4,21.16,Faible
Nador,2026-09-19,9,2026,-2.9333,35.1667,27.7,22.2,24.95,0.45,19.4,33.8,0.0,1.125,24.25,33.8,23.54,Faible
Nador,2026-09-20,9,2026,-2.9333,35.1667,27.5,22.5,25.0,0.0,18.6,33.8,0.0,0.0,23.25,33.8,20.95,Faible
Taza,2026-09-14,9,2026,-4.0088,34.2144,32.1,20.4,26.25,0.0,18.2,36.4,0.0,0.0,22.749999999999996,36.4,26.61,Faible
Taza,2026-09-15,9,2026,-4.0088,34.2144,33.2,19.5,26.35,0.0,15.7,33.1,0.0,0.0,19.624999999999996,33.1,21.84,Faible
Taza,2026-09-16,9,2026,-4.0088,34.2144,30.5,19.3,24.9,0.0,24.1,50.4,0.0,0.0,30.125,50.4,32.65,Modéré
Taza,2026-09-17,9,2026,-4.0088,34.2144,29.4,18.2,23.799999999999997,0.0,19.3,42.1,0.0,0.0,24.125000000000004,42.1,25.66,Faible
Taza,2026-09-18,9,2026,-4.0088,34.2144,29.0,17.2,23.1,0.0,19.2,41.4,0.0,0.0,24.0,41.4,25.42,Faible
Taza,2026-09-19,9,2026,-4.0088,34.2144,32.6,19.0,25.8,0.0,17.6,39.6,0.0,0.0,22.000000000000004,39.6,24.38,Faible
Taza,2026-09-20,9,2026,-4.0088,34.2144,33.2,20.7,26.950000000000003,0.0,19.9,37.8,0.0,0.0,24.874999999999996,37.8,27.56,Faible
Inezgane,2026-09-14,9,2026,-9.5381,30.3658,38.4,25.5,31.95,0.0,12.0,35.3,19.499999999999993,0.0,15.0,35.3,24.26,Faible
Inezgane,2026-09-15,9,2026,-9.5381,30.3658,32.0,24.2,28.1,0.3,11.9,32.4,0.0,0.75,14.875,32.4,20.66,Faible
Inezgane,2026-09-16,9,2026,-9.5381,30.3658,31.6,21.7,26.65,0.0,15.5,41.0,0.0,0.0,19.375,41.0,27.14,Faible
Inezgane,2026-09-17,9,2026,-9.5381,30.3658,26.1,20.4,23.25,0.0,14.4,37.8,0.0,0.0,18.0,37.8,22.84,Faible
Inezgane,2026-09-18,9,2026,-9.5381,30.3658,25.1,19.5,22.3,0.0,14.4,39.2,0.0,0.0,18.0,39.2,23.26,Faible
Inezgane,2026-09-19,9,2026,-9.5381,30.3658,38.0,20.3,29.15,0.0,16.3,40.0,0.0,0.0,20.375,40.0,24.09,Faible
Inezgane,2026-09-20,9,2026,-9.5381,30.3658,40.4,25.5,32.95,0.0,16.9,38.5,29.500000000000025,0.0,21.125,38.5,31.26,Modéré
Larache,2026-09-14,9,2026,-6.15,35.1833,35.9,22.0,28.95,0.0,13.1,24.8,0.0,0.0,16.375,24.8,21.53,Faible
Larache,2026-09-15,9,2026,-6.15,35.1833,29.8,19.5,24.65,0.0,25.3,48.6,0.0,0.0,31.625000000000004,48.6,32.49,Modéré
Larache,2026-09-16,9,2026,-6.15,35.1833,26.7,18.7,22.7,0.0,18.1,33.8,0.0,0.0,22.625,33.8,22.8,Faible
Larache,2026-09-17,9,2026,-6.15,35.1833,26.1,18.9,22.5,0.0,14.4,27.4,0.0,0.0,18.0,27.399999999999995,17.72,Faible
Larache,2026-09-18,9,2026,-6.15,35.1833,27.4,15.3,21.35,0.0,16.8,33.1,0.0,0.0,21.000000000000004,33.1,20.18,Faible
Larache,2026-09-19,9,2026,-6.15,35.1833,30.6,18.5,24.55,0.0,14.8,28.1,0.0,0.0,18.5,28.1,20.06,Faible
Larache,2026-09-20,9,2026,-6.15,35.1833,36.0,20.0,28.0,0.0,18.2,33.8,0.0,0.0,22.749999999999996,33.8,22.83,Faible
Al Khmissat,2026-09-14,9,2026,-6.06,33.81,39.1,23.2,31.15,0.0,18.9,37.8,11.499999999999986,0.0,23.625,37.8,25.97,Faible
Al Khmissat,2026-09-15,9,2026,-6.06,33.81,35.3,20.8,28.049999999999997,0.0,18.9,37.8,0.0,0.0,23.625,37.8,24.25,Faible
Al Khmissat,2026-09-16,9,2026,-6.06,33.81,30.9,18.1,24.5,0.0,18.4,37.4,0.0,0.0,23.0,37.4,23.97,Faible
Al Khmissat,2026-09-17,9,2026,-6.06,33.81,27.9,16.2,22.049999999999997,0.0,14.1,28.8,0.0,0.0,17.625,28.800000000000004,18.05,Faible
Al Khmissat,2026-09-18,9,2026,-6.06,33.81,30.4,14.8,22.6,0.0,18.1,33.8,0.0,0.0,22.625,33.8,22.8,Faible
Al Khmissat,2026-09-19,9,2026,-6.06,33.81,35.3,18.1,26.7,0.0,13.3,27.7,0.0,0.0,16.625,27.699999999999996,19.47,Faible
Al Khmissat,2026-09-20,9,2026,-6.06,33.81,38.1,19.2,28.65,0.0,21.2,39.6,0.0,0.0,26.5,39.6,28.51,Faible
Guelmim,2026-09-14,9,2026,-10.0667,28.9833,38.5,26.8,32.65,0.3,21.8,40.0,26.499999999999986,0.75,27.250000000000004,40.0,26.01,Faible
Guelmim,2026-09-15,9,2026,-10.0667,28.9833,37.7,24.8,31.25,0.0,21.7,36.7,12.5,0.0,27.125,36.7,29.67,Faible
Guelmim,2026-09-16,9,2026,-10.0667,28.9833,37.4,21.1,29.25,0.0,33.4,54.7,0.0,0.0,41.75,54.7,36.85,Modéré
Guelmim,2026-09-17,9,2026,-10.0667,28.9833,24.8,18.6,21.700000000000003,0.0,26.2,44.3,0.0,0.0,32.75,44.3,28.48,Faible
Guelmim,2026-09-18,9,2026,-10.0667,28.9833,27.3,18.7,23.0,0.0,22.4,40.3,0.0,0.0,27.999999999999996,40.3,26.09,Faible
Guelmim,2026-09-19,9,2026,-10.0667,28.9833,30.7,18.9,24.799999999999997,0.0,23.7,43.2,0.0,0.0,29.625,43.2,27.37,Faible
Guelmim,2026-09-20,9,2026,-10.0667,28.9833,36.7,20.7,28.700000000000003,0.0,20.9,37.1,0.0,0.0,26.125,37.1,27.66,Faible
Ksar El Kebir,2026-09-14,9,2026,-5.9,35.0,39.0,24.4,31.7,0.0,17.1,32.8,16.999999999999993,0.0,21.375000000000004,32.8,27.73,Faible
Ksar El Kebir,2026-09-15,9,2026,-5.9,35.0,35.4,20.8,28.1,0.0,22.7,46.1,0.0,0.0,28.375,46.1,30.92,Modéré
Ksar El Kebir,2026-09-16,9,2026,-5.9,35.0,29.9,20.7,25.299999999999997,0.0,15.9,31.0,0.0,0.0,19.875,31.0,21.27,Faible
Ksar El Kebir,2026-09-17,9,2026,-5.9,35.0,27.5,19.9,23.7,0.0,11.2,21.2,0.0,0.0,13.999999999999998,21.2,16.86,Faible
Ksar El Kebir,2026-09-18,9,2026,-5.9,35.0,30.9,16.4,23.65,0.0,18.1,34.6,0.0,0.0,22.625,34.6,21.04,Faible
Ksar El Kebir,2026-09-19,9,2026,-5.9,35.0,36.5,18.4,27.45,0.0,18.7,35.6,0.0,0.0,23.375,35.6,23.52,Faible
Ksar El Kebir,2026-09-20,9,2026,-5.9,35.0,39.6,21.8,30.700000000000003,0.0,14.0,31.7,7.000000000000028,0.0,17.5,31.7,24.94,Faible
Khénifra,2026-09-14,9,2026,-5.66,32.93,37.0,19.8,28.4,0.0,15.6,51.5,0.0,0.0,19.5,51.5,27.32,Faible
Khénifra,2026-09-15,9,2026,-5.66,32.93,34.9,19.7,27.299999999999997,0.0,20.9,38.5,0.0,0.0,26.125,38.5,25.08,Faible
Khénifra,2026-09-16,9,2026,-5.66,32.93,31.6,16.3,23.950000000000003,0.0,19.2,34.9,0.0,0.0,24.0,34.9,23.47,Faible
Khénifra,2026-09-17,9,2026,-5.66,32.93,30.4,16.1,23.25,0.0,18.5,33.5,0.0,0.0,23.125,33.5,22.83,Faible
Khénifra,2026-09-18,9,2026,-5.66,32.93,32.7,14.7,23.700000000000003,0.0,20.9,40.0,0.0,0.0,26.125,40.0,25.53,Faible
Khénifra,2026-09-19,9,2026,-5.66,32.93,33.8,19.9,26.849999999999998,0.0,13.2,27.7,0.0,0.0,16.499999999999996,27.699999999999996,19.43,Faible
Khénifra,2026-09-20,9,2026,-5.66,32.93,36.2,20.3,28.25,0.0,10.2,23.0,0.0,0.0,12.75,23.0,17.09,Faible
Skhirate,2026-09-14,9,2026,-7.03,33.85,30.6,22.6,26.6,0.0,11.0,25.6,0.0,0.0,13.750000000000002,25.6,16.12,Faible
Skhirate,2026-09-15,9,2026,-7.03,33.85,26.1,20.9,23.5,0.0,14.7,32.0,0.0,0.0,18.375,32.0,19.19,Faible
Skhirate,2026-09-16,9,2026,-7.03,33.85,24.8,20.6,22.700000000000003,0.0,16.9,36.7,0.0,0.0,21.125,36.7,23.29,Faible
Skhirate,2026-09-17,9,2026,-7.03,33.85,24.8,19.0,21.9,0.0,13.2,29.5,0.0,0.0,16.499999999999996,29.5,19.97,Faible
Skhirate,2026-09-18,9,2026,-7.03,33.85,24.6,16.7,20.65,0.0,16.8,36.7,0.0,0.0,21.000000000000004,36.7,23.26,Faible
Skhirate,2026-09-19,9,2026,-7.03,33.85,25.9,17.7,21.799999999999997,0.0,12.6,27.0,0.0,0.0,15.75,27.0,19.04,Faible
Skhirate,2026-09-20,9,2026,-7.03,33.85,29.4,20.8,25.1,0.0,13.8,27.7,0.0,0.0,17.25,27.699999999999996,22.62,Faible
Beni Yakhlef,2026-09-14,9,2026,-7.3221,33.6555,36.0,23.9,29.95,0.0,16.5,30.6,0.0,0.0,20.625,30.599999999999998,24.34,Faible
Beni Yakhlef,2026-09-15,9,2026,-7.3221,33.6555,29.8,20.2,25.0,0.0,18.5,34.2,0.0,0.0,23.125,34.2,21.04,Faible
Beni Yakhlef,2026-09-16,9,2026,-7.3221,33.6555,26.5,19.4,22.95,0.0,20.4,37.8,0.0,0.0,25.5,37.8,24.71,Faible
Beni Yakhlef,2026-09-17,9,2026,-7.3221,33.6555,26.6,18.5,22.55,0.0,16.4,31.0,0.0,0.0,20.5,31.0,21.42,Faible
Beni Yakhlef,2026-09-18,9,2026,-7.3221,33.6555,27.0,15.6,21.3,0.0,20.6,38.5,0.0,0.0,25.75,38.5,22.99,Faible
Beni Yakhlef,2026-09-19,9,2026,-7.3221,33.6555,29.5,18.2,23.85,0.0,17.5,32.8,0.0,0.0,21.875,32.8,20.31,Faible
Beni Yakhlef,2026-09-20,9,2026,-7.3221,33.6555,33.1,20.7,26.9,0.0,19.1,36.4,0.0,0.0,23.875,36.4,26.89,Faible
Sidi Yahya Zaer,2026-09-14,9,2026,-6.8831,33.7105,38.4,23.7,31.049999999999997,0.0,20.7,41.4,10.499999999999972,0.0,25.874999999999996,41.4,30.46,Modéré
Sidi Yahya Zaer,2026-09-15,9,2026,-6.8831,33.7105,32.1,20.3,26.200000000000003,0.0,21.1,42.5,0.0,0.0,26.375000000000004,42.5,29.34,Faible
Sidi Yahya Zaer,2026-09-16,9,2026,-6.8831,33.7105,27.5,18.5,23.0,0.0,22.2,43.9,0.0,0.0,27.749999999999996,43.9,27.11,Faible
Sidi Yahya Zaer,2026-09-17,9,2026,-6.8831,33.7105,26.3,17.3,21.8,0.0,16.4,33.5,0.0,0.0,20.5,33.5,22.17,Faible
Sidi Yahya Zaer,2026-09-18,9,2026,-6.8831,33.7105,27.9,15.0,21.45,0.0,19.6,40.3,0.0,0.0,24.500000000000004,40.3,28.22,Faible
Sidi Yahya Zaer,2026-09-19,9,2026,-6.8831,33.7105,31.3,16.6,23.950000000000003,0.0,15.8,33.1,0.0,0.0,19.75,33.1,21.87,Faible
Sidi Yahya Zaer,2026-09-20,9,2026,-6.8831,33.7105,36.2,19.3,27.75,0.0,19.1,38.2,0.0,0.0,23.875,38.2,27.43,Faible
Ben Guerir,2026-09-14,9,2026,-7.95,32.23,39.6,26.3,32.95,0.0,21.1,44.3,29.500000000000025,0.0,26.375000000000004,44.3,31.31,Modéré
Ben Guerir,2026-09-15,9,2026,-7.95,32.23,36.9,24.5,30.7,0.0,23.9,48.6,6.999999999999992,0.0,29.874999999999996,48.6,30.1,Modéré
Ben Guerir,2026-09-16,9,2026,-7.95,32.23,32.5,19.5,26.0,0.0,22.2,44.3,0.0,0.0,27.749999999999996,44.3,30.23,Modéré
Ben Guerir,2026-09-17,9,2026,-7.95,32.23,28.5,16.7,22.6,0.0,16.3,33.1,0.0,0.0,20.375,33.1,22.02,Faible
Ben Guerir,2026-09-18,9,2026,-7.95,32.23,30.9,16.6,23.75,0.0,16.3,33.5,0.0,0.0,20.375,33.5,25.14,Faible
Ben Guerir,2026-09-19,9,2026,-7.95,32.23,35.7,18.4,27.05,0.9,9.0,32.0,0.0,2.25,11.25,32.0,15.09,Faible
Ben Guerir,2026-09-20,9,2026,-7.95,32.23,37.7,22.5,30.1,0.0,21.1,37.4,1.0000000000000142,0.0,26.375000000000004,37.4,24.96,Faible
Ait Ali,2026-09-14,9,2026,-9.4881,30.1739,40.1,27.2,33.65,0.0,19.5,32.0,36.499999999999986,0.0,24.375,32.0,28.17,Faible
Ait Ali,2026-09-15,9,2026,-9.4881,30.1739,35.1,25.7,30.4,0.2,21.0,33.8,3.9999999999999853,0.5,26.25,33.8,24.45,Faible
Ait Ali,2026-09-16,9,2026,-9.4881,30.1739,30.4,22.1,26.25,0.0,27.9,44.6,0.0,0.0,34.875,44.6,32.1,Modéré
Ait Ali,2026-09-17,9,2026,-9.4881,30.1739,26.2,20.5,23.35,0.0,26.7,42.8,0.0,0.0,33.375,42.8,28.18,Faible
Ait Ali,2026-09-18,9,2026,-9.4881,30.1739,26.6,20.1,23.35,0.0,22.7,37.8,0.0,0.0,28.375,37.8,25.43,Faible
Ait Ali,2026-09-19,9,2026,-9.4881,30.1739,31.2,19.9,25.549999999999997,0.3,17.7,33.5,0.0,0.75,22.125,33.5,22.81,Faible
Ait Ali,2026-09-20,9,2026,-9.4881,30.1739,37.8,25.3,31.549999999999997,0.0,22.5,37.4,15.499999999999972,0.0,28.125,37.4,30.58,Modéré
My Drarga,2026-09-14,9,2026,-9.4763,30.3805,39.6,26.6,33.1,0.0,18.9,39.2,31.000000000000018,0.0,23.625,39.2,29.32,Faible
My Drarga,2026-09-15,9,2026,-9.4763,30.3805,34.5,25.7,30.1,0.3,15.2,33.8,1.0000000000000142,0.75,19.0,33.8,22.26,Faible
My Drarga,2026-09-16,9,2026,-9.4763,30.3805,32.4,22.3,27.35,0.0,19.0,40.0,0.0,0.0,23.75,40.0,27.94,Faible
My Drarga,2026-09-17,9,2026,-9.4763,30.3805,26.9,20.4,23.65,0.0,17.3,40.3,0.0,0.0,21.625,40.3,24.5,Faible
My Drarga,2026-09-18,9,2026,-9.4763,30.3805,26.4,19.6,23.0,0.0,17.3,38.2,0.0,0.0,21.625,38.2,23.87,Faible
My Drarga,2026-09-19,9,2026,-9.4763,30.3805,37.9,20.2,29.049999999999997,0.0,16.3,40.0,0.0,0.0,20.375,40.0,24.09,Faible
My Drarga,2026-09-20,9,2026,-9.4763,30.3805,40.2,25.3,32.75,0.0,16.9,38.5,27.500000000000004,0.0,21.125,38.5,30.96,Modéré
Lqoliaa,2026-09-14,9,2026,-9.4544,30.2942,40.4,25.1,32.75,0.0,20.3,42.8,27.500000000000004,0.0,25.375000000000004,42.8,30.31,Modéré
Lqoliaa,2026-09-15,9,2026,-9.4544,30.2942,35.8,24.9,30.349999999999998,0.3,19.1,40.3,3.4999999999999787,0.75,23.875,40.3,25.81,Faible
Lqoliaa,2026-09-16,9,2026,-9.4544,30.2942,30.9,21.4,26.15,0.0,24.3,49.3,0.0,0.0,30.375000000000004,49.3,32.38,Modéré
Lqoliaa,2026-09-17,9,2026,-9.4544,30.2942,27.2,20.5,23.85,0.0,18.4,39.6,0.0,0.0,23.0,39.6,24.63,Faible
Lqoliaa,2026-09-18,9,2026,-9.4544,30.2942,27.3,19.5,23.4,0.0,19.4,41.8,0.0,0.0,24.25,41.8,25.6,Faible
Lqoliaa,2026-09-19,9,2026,-9.4544,30.2942,33.8,19.8,26.799999999999997,0.0,16.2,34.9,0.0,0.0,20.25,34.9,22.53,Faible
Lqoliaa,2026-09-20,9,2026,-9.4544,30.2942,38.5,23.8,31.15,0.0,21.6,45.4,11.499999999999986,0.0,27.0,45.4,32.1,Modéré
El Kelaa des Srarhna,2026-09-14,9,2026,-7.4,32.05,39.6,24.9,32.25,0.0,19.9,33.1,22.5,0.0,24.874999999999996,33.1,26.52,Faible
El Kelaa des Srarhna,2026-09-15,9,2026,-7.4,32.05,37.7,24.2,30.950000000000003,0.0,22.3,38.2,9.500000000000028,0.0,27.875,38.2,26.85,Faible
El Kelaa des Srarhna,2026-09-16,9,2026,-7.4,32.05,34.0,19.2,26.6,0.0,19.2,32.8,0.0,0.0,24.0,32.8,25.84,Faible
El Kelaa des Srarhna,2026-09-17,9,2026,-7.4,32.05,30.1,17.0,23.55,0.0,15.5,26.6,0.0,0.0,19.375,26.6,19.82,Faible
El Kelaa des Srarhna,2026-09-18,9,2026,-7.4,32.05,31.6,17.3,24.450000000000003,0.0,13.5,23.4,0.0,0.0,16.875,23.4,18.24,Faible
El Kelaa des Srarhna,2026-09-19,9,2026,-7.4,32.05,35.1,18.5,26.8,0.6000000000000001,12.2,31.7,0.0,1.5000000000000002,15.25,31.7,15.77,Faible
El Kelaa des Srarhna,2026-09-20,9,2026,-7.4,32.05,37.3,20.3,28.799999999999997,0.0,12.5,21.2,0.0,0.0,15.625,21.2,17.27,Faible
Moulay Abdallah,2026-09-14,9,2026,-8.5883,33.1978,32.6,21.8,27.200000000000003,0.0,15.8,24.8,0.0,0.0,19.75,24.8,19.38,Faible
Moulay Abdallah,2026-09-15,9,2026,-8.5883,33.1978,28.3,21.6,24.950000000000003,0.0,19.9,31.7,0.0,0.0,24.874999999999996,31.7,20.73,Faible
Moulay Abdallah,2026-09-16,9,2026,-8.5883,33.1978,25.8,21.1,23.450000000000003,0.0,22.2,35.6,0.0,0.0,27.749999999999996,35.6,24.62,Faible
Moulay Abdallah,2026-09-17,9,2026,-8.5883,33.1978,25.7,19.2,22.45,0.0,17.0,26.6,0.0,0.0,21.25,26.6,20.29,Faible
Moulay Abdallah,2026-09-18,9,2026,-8.5883,33.1978,25.8,18.9,22.35,0.0,21.8,35.6,0.0,0.0,27.250000000000004,35.6,22.49,Faible
Moulay Abdallah,2026-09-19,9,2026,-8.5883,33.1978,27.6,20.4,24.0,0.0,19.6,36.7,0.0,0.0,24.500000000000004,36.7,22.14,Faible
Moulay Abdallah,2026-09-20,9,2026,-8.5883,33.1978,30.3,21.1,25.700000000000003,0.0,18.9,35.3,0.0,0.0,23.625,35.3,21.5,Faible
Tiflet,2026-09-14,9,2026,-6.33,33.9,38.5,25.4,31.95,0.0,18.8,37.4,19.499999999999993,0.0,23.5,37.4,30.02,Modéré
Tiflet,2026-09-15,9,2026,-6.33,33.9,33.4,21.8,27.6,0.0,18.9,38.2,0.0,0.0,23.625,38.2,27.37,Faible
Tiflet,2026-09-16,9,2026,-6.33,33.9,28.7,19.0,23.85,0.0,19.6,39.6,0.0,0.0,24.500000000000004,39.6,25.01,Faible
Tiflet,2026-09-17,9,2026,-6.33,33.9,27.0,16.3,21.65,0.0,14.5,29.9,0.0,0.0,18.125,29.9,20.5,Faible
Tiflet,2026-09-18,9,2026,-6.33,33.9,30.1,15.2,22.65,0.0,15.5,37.1,0.0,0.0,19.375,37.1,22.97,Faible
Tiflet,2026-09-19,9,2026,-6.33,33.9,34.9,18.8,26.85,0.0,14.1,33.1,0.0,0.0,17.625,33.1,21.34,Faible
Tiflet,2026-09-20,9,2026,-6.33,33.9,38.2,20.8,29.5,0.0,18.1,38.2,0.0,0.0,22.625,38.2,24.12,Faible
Oulad Teïma,2026-09-14,9,2026,-9.21,30.4,41.9,24.5,33.2,0.0,23.8,44.3,32.00000000000003,0.0,29.75,44.3,32.53,Modéré
Oulad Teïma,2026-09-15,9,2026,-9.21,30.4,40.3,24.8,32.55,0.0,22.5,43.2,25.49999999999997,0.0,28.125,43.2,30.82,Modéré
Oulad Teïma,2026-09-16,9,2026,-9.21,30.4,34.6,21.3,27.950000000000003,0.0,27.3,51.5,0.0,0.0,34.125,51.5,33.98,Modéré
Oulad Teïma,2026-09-17,9,2026,-9.21,30.4,29.3,19.1,24.200000000000003,0.0,25.8,48.6,0.0,0.0,32.25,48.6,29.64,Faible
Oulad Teïma,2026-09-18,9,2026,-9.21,30.4,29.2,18.1,23.65,0.0,24.3,46.4,0.0,0.0,30.375000000000004,46.4,31.51,Modéré
Oulad Teïma,2026-09-19,9,2026,-9.21,30.4,35.1,18.7,26.9,0.0,17.8,31.7,0.0,0.0,22.25,31.7,22.07,Faible
Oulad Teïma,2026-09-20,9,2026,-9.21,30.4,40.4,24.3,32.35,0.0,28.8,50.0,23.500000000000014,0.0,36.0,50.0,34.53,Modéré
Berkane,2026-09-14,9,2026,-2.3167,34.9167,27.1,18.8,22.950000000000003,0.0,16.0,33.5,0.0,0.0,20.0,33.5,22.05,Faible
Berkane,2026-09-15,9,2026,-2.3167,34.9167,26.8,17.5,22.15,0.0,12.6,27.7,0.0,0.0,15.75,27.699999999999996,19.25,Faible
Berkane,2026-09-16,9,2026,-2.3167,34.9167,31.4,16.5,23.95,0.0,13.0,28.8,0.0,0.0,16.25,28.800000000000004,22.7,Faible
Berkane,2026-09-17,9,2026,-2.3167,34.9167,26.6,20.0,23.3,0.0,15.8,35.6,0.0,0.0,19.75,35.6,22.62,Faible
Berkane,2026-09-18,9,2026,-2.3167,34.9167,26.4,17.7,22.049999999999997,0.0,17.7,39.2,0.0,0.0,22.125,39.2,24.29,Faible
Berkane,2026-09-19,9,2026,-2.3167,34.9167,28.0,19.1,23.55,0.0,13.6,25.2,0.0,0.0,17.0,25.2,18.81,Faible
Berkane,2026-09-20,9,2026,-2.3167,34.9167,28.2,19.9,24.049999999999997,0.0,12.2,23.4,0.0,0.0,15.25,23.4,17.83,Faible
Ain El Aouda,2026-09-14,9,2026,-6.7922,33.8111,37.6,22.6,30.1,0.0,17.9,35.3,1.0000000000000142,0.0,22.374999999999996,35.3,26.33,Faible
Ain El Aouda,2026-09-15,9,2026,-6.7922,33.8111,30.7,19.7,25.2,0.0,19.6,39.2,0.0,0.0,24.500000000000004,39.2,27.88,Faible
Ain El Aouda,2026-09-16,9,2026,-6.7922,33.8111,26.8,18.6,22.700000000000003,0.0,20.6,41.4,0.0,0.0,25.75,41.4,25.86,Faible
Ain El Aouda,2026-09-17,9,2026,-6.7922,33.8111,26.4,17.1,21.75,0.0,15.8,31.7,0.0,0.0,19.75,31.7,21.45,Faible
Ain El Aouda,2026-09-18,9,2026,-6.7922,33.8111,28.1,15.0,21.55,0.0,18.3,37.4,0.0,0.0,22.875,37.4,21.94,Faible
Ain El Aouda,2026-09-19,9,2026,-6.7922,33.8111,32.4,16.5,24.45,0.0,15.5,33.1,0.0,0.0,19.375,33.1,21.77,Faible
Ain El Aouda,2026-09-20,9,2026,-6.7922,33.8111,36.7,20.5,28.6,0.0,20.4,39.2,0.0,0.0,25.5,39.2,28.14,Faible
Errachidia,2026-09-14,9,2026,-4.4244,31.9319,36.4,25.1,30.75,0.0,21.4,42.1,7.5,0.0,26.749999999999996,42.1,27.44,Faible
Errachidia,2026-09-15,9,2026,-4.4244,31.9319,33.5,24.6,29.05,0.1,10.2,23.8,0.0,0.25,12.75,23.8,17.4,Faible
Errachidia,2026-09-16,9,2026,-4.4244,31.9319,33.0,21.7,27.35,0.0,21.7,43.2,0.0,0.0,27.125,43.2,26.74,Faible
Errachidia,2026-09-17,9,2026,-4.4244,31.9319,32.8,21.1,26.95,0.0,14.3,42.5,0.0,0.0,17.875000000000004,42.5,24.22,Faible
Errachidia,2026-09-18,9,2026,-4.4244,31.9319,33.2,22.4,27.8,0.0,11.2,24.5,0.0,0.0,13.999999999999998,24.5,17.85,Faible
Errachidia,2026-09-19,9,2026,-4.4244,31.9319,31.1,22.4,26.75,0.0,17.7,30.2,0.0,0.0,22.125,30.2,21.59,Faible
Errachidia,2026-09-20,9,2026,-4.4244,31.9319,33.0,21.6,27.3,0.0,10.7,21.2,0.0,0.0,13.374999999999998,21.2,19.7,Faible
Al Fqih Ben Çalah,2026-09-14,9,2026,-6.6886,32.507,41.0,21.6,31.3,0.0,13.2,28.1,13.000000000000005,0.0,16.499999999999996,28.1,21.5,Faible
Al Fqih Ben Çalah,2026-09-15,9,2026,-6.6886,32.507,39.2,21.7,30.450000000000003,0.0,21.7,41.0,4.500000000000028,0.0,27.125,41.0,26.76,Faible
Al Fqih Ben Çalah,2026-09-16,9,2026,-6.6886,32.507,35.2,16.8,26.0,0.0,20.5,42.8,0.0,0.0,25.624999999999996,42.8,29.25,Faible
Al Fqih Ben Çalah,2026-09-17,9,2026,-6.6886,32.507,32.8,16.1,24.45,0.0,14.9,30.2,0.0,0.0,18.625,30.2,18.72,Faible
Al Fqih Ben Çalah,2026-09-18,9,2026,-6.6886,32.507,34.3,16.2,25.25,0.0,7.5,20.9,0.0,0.0,9.375,20.9,18.61,Faible
Al Fqih Ben Çalah,2026-09-19,9,2026,-6.6886,32.507,37.8,18.3,28.049999999999997,0.0,13.8,46.1,0.0,0.0,17.25,46.1,25.14,Faible
Al Fqih Ben Çalah,2026-09-20,9,2026,-6.6886,32.507,39.5,20.6,30.05,0.0,13.8,24.8,0.5000000000000071,0.0,17.25,24.8,18.83,Faible
Ad Darwa,2026-09-14,9,2026,-7.5333,33.4167,38.0,23.9,30.95,0.0,17.7,33.8,9.499999999999993,0.0,22.125,33.8,24.1,Faible
Ad Darwa,2026-09-15,9,2026,-7.5333,33.4167,32.2,20.3,26.25,0.0,17.6,34.6,0.0,0.0,22.000000000000004,34.6,20.88,Faible
Ad Darwa,2026-09-16,9,2026,-7.5333,33.4167,27.4,19.3,23.35,0.0,19.0,36.4,0.0,0.0,23.75,36.4,21.86,Faible
Ad Darwa,2026-09-17,9,2026,-7.5333,33.4167,26.9,18.5,22.7,0.0,14.5,29.5,0.0,0.0,18.125,29.5,20.38,Faible
Ad Darwa,2026-09-18,9,2026,-7.5333,33.4167,27.6,16.3,21.950000000000003,0.0,19.5,38.2,0.0,0.0,24.375,38.2,22.55,Faible
Ad Darwa,2026-09-19,9,2026,-7.5333,33.4167,32.7,18.6,25.650000000000002,0.0,19.6,36.7,0.0,0.0,24.500000000000004,36.7,22.14,Faible
Ad Darwa,2026-09-20,9,2026,-7.5333,33.4167,36.9,20.5,28.7,0.0,19.8,40.3,0.0,0.0,24.75,40.3,25.28,Faible
Martil,2026-09-14,9,2026,-5.27,35.61,25.6,22.2,23.9,0.0,19.1,41.4,0.0,0.0,23.875,41.4,25.39,Faible
Martil,2026-09-15,9,2026,-5.27,35.61,26.1,21.3,23.700000000000003,0.0,11.3,27.0,0.0,0.0,14.125000000000002,27.0,18.63,Faible
Martil,2026-09-16,9,2026,-5.27,35.61,32.0,19.3,25.65,0.0,16.6,41.0,0.0,0.0,20.75,41.0,27.49,Faible
Martil,2026-09-17,9,2026,-5.27,35.61,25.4,19.5,22.45,0.0,16.1,36.7,0.0,0.0,20.125,36.7,23.04,Faible
Martil,2026-09-18,9,2026,-5.27,35.61,24.9,18.6,21.75,0.0,18.1,38.9,0.0,0.0,22.625,38.9,24.33,Faible
Martil,2026-09-19,9,2026,-5.27,35.61,25.7,21.7,23.7,0.0,23.1,40.0,0.0,0.0,28.875,40.0,26.22,Faible
Martil,2026-09-20,9,2026,-5.27,35.61,25.5,22.6,24.05,0.0,22.0,39.6,0.0,0.0,27.500000000000004,39.6,25.76,Faible
Sidi Slimane,2026-09-14,9,2026,-5.93,34.26,39.8,23.5,31.65,0.0,16.8,35.6,16.499999999999986,0.0,21.000000000000004,35.6,28.4,Faible
Sidi Slimane,2026-09-15,9,2026,-5.93,34.26,34.1,20.8,27.450000000000003,0.0,17.6,36.7,0.0,0.0,22.000000000000004,36.7,23.51,Faible
Sidi Slimane,2026-09-16,9,2026,-5.93,34.26,30.6,20.7,25.65,0.0,18.7,39.2,0.0,0.0,23.375,39.2,24.6,Faible
Sidi Slimane,2026-09-17,9,2026,-5.93,34.26,28.3,19.3,23.8,0.0,13.0,28.1,0.0,0.0,16.25,28.1,19.49,Faible
Sidi Slimane,2026-09-18,9,2026,-5.93,34.26,32.2,17.1,24.650000000000002,0.0,14.8,36.4,0.0,0.0,18.5,36.4,20.54,Faible
Sidi Slimane,2026-09-19,9,2026,-5.93,34.26,37.5,19.1,28.3,0.0,17.4,33.8,0.0,0.0,21.749999999999996,33.8,25.58,Faible
Sidi Slimane,2026-09-20,9,2026,-5.93,34.26,40.5,21.8,31.15,0.0,16.5,34.2,11.499999999999986,0.0,20.625,34.2,27.14,Faible
Oued Zem,2026-09-14,9,2026,-6.5711,32.8619,37.6,23.0,30.3,0.0,19.7,43.2,3.000000000000007,0.0,24.625,43.2,26.57,Faible
Oued Zem,2026-09-15,9,2026,-6.5711,32.8619,35.6,22.0,28.8,0.0,22.6,45.0,0.0,0.0,28.250000000000004,45.0,27.56,Faible
Oued Zem,2026-09-16,9,2026,-6.5711,32.8619,32.1,17.4,24.75,0.0,20.6,41.0,0.0,0.0,25.75,41.0,28.74,Faible
Oued Zem,2026-09-17,9,2026,-6.5711,32.8619,30.0,16.2,23.1,0.0,16.5,34.6,0.0,0.0,20.625,34.6,22.54,Faible
Oued Zem,2026-09-18,9,2026,-6.5711,32.8619,31.1,14.6,22.85,0.0,16.5,38.2,0.0,0.0,20.625,38.2,23.62,Faible
Oued Zem,2026-09-19,9,2026,-6.5711,32.8619,33.6,18.7,26.15,0.0,12.4,33.1,0.0,0.0,15.5,33.1,20.8,Faible
Oued Zem,2026-09-20,9,2026,-6.5711,32.8619,35.4,19.4,27.4,0.0,16.1,40.3,0.0,0.0,20.125,40.3,24.12,Faible
Sefrou,2026-09-14,9,2026,-4.83,33.83,34.5,24.7,29.6,0.0,17.7,38.9,0.0,0.0,22.125,38.9,24.2,Faible
Sefrou,2026-09-15,9,2026,-4.83,33.83,32.9,23.1,28.0,0.0,16.4,36.0,0.0,0.0,20.5,36.0,22.92,Faible
Sefrou,2026-09-16,9,2026,-4.83,33.83,29.1,18.4,23.75,0.0,18.4,40.0,0.0,0.0,23.0,40.0,27.75,Faible
Sefrou,2026-09-17,9,2026,-4.83,33.83,25.3,17.6,21.450000000000003,0.0,15.0,35.3,0.0,0.0,18.75,35.3,22.28,Faible
Sefrou,2026-09-18,9,2026,-4.83,33.83,28.4,16.6,22.5,0.0,16.5,36.0,0.0,0.0,20.625,36.0,22.96,Faible
Sefrou,2026-09-19,9,2026,-4.83,33.83,33.0,18.0,25.5,0.9,14.5,28.4,0.0,2.25,18.125,28.4,15.73,Faible
Sefrou,2026-09-20,9,2026,-4.83,33.83,34.9,19.8,27.35,0.0,21.0,42.1,0.0,0.0,26.25,42.1,26.19,Faible
Taroudannt,2026-09-14,9,2026,-8.8778,30.4711,41.9,26.1,34.0,0.0,22.0,42.5,40.0,0.0,27.500000000000004,42.5,32.62,Modéré
Taroudannt,2026-09-15,9,2026,-8.8778,30.4711,41.1,26.4,33.75,0.0,27.4,56.9,37.5,0.0,34.25,56.89999999999999,38.26,Modéré
Taroudannt,2026-09-16,9,2026,-8.8778,30.4711,36.5,23.3,29.9,0.0,24.9,49.0,0.0,0.0,31.124999999999996,49.0,32.48,Modéré
Taroudannt,2026-09-17,9,2026,-8.8778,30.4711,30.4,18.7,24.549999999999997,0.0,25.3,52.2,0.0,0.0,31.625000000000004,52.2,28.57,Faible
Taroudannt,2026-09-18,9,2026,-8.8778,30.4711,30.5,17.8,24.15,0.0,23.2,50.0,0.0,0.0,28.999999999999996,50.0,32.25,Modéré
Taroudannt,2026-09-19,9,2026,-8.8778,30.4711,38.4,17.7,28.049999999999997,0.0,18.9,36.7,0.0,0.0,23.625,36.7,21.92,Faible
Taroudannt,2026-09-20,9,2026,-8.8778,30.4711,42.0,25.0,33.5,0.0,24.0,47.5,35.0,0.0,30.0,47.5,34.0,Modéré
Essaouira,2026-09-14,9,2026,-9.7687,31.513,33.1,22.6,27.85,0.0,15.9,29.9,0.0,0.0,19.875,29.9,20.94,Faible
Essaouira,2026-09-15,9,2026,-9.7687,31.513,27.3,21.3,24.3,0.0,25.1,46.8,0.0,0.0,31.375000000000004,46.8,28.88,Faible
Essaouira,2026-09-16,9,2026,-9.7687,31.513,24.2,19.4,21.799999999999997,0.0,36.0,66.2,0.0,0.0,45.0,66.2,41.11,Modéré
Essaouira,2026-09-17,9,2026,-9.7687,31.513,24.0,18.6,21.3,0.0,27.7,50.4,0.0,0.0,34.625,50.4,33.78,Modéré
Essaouira,2026-09-18,9,2026,-9.7687,31.513,23.5,18.5,21.0,0.0,30.1,54.7,0.0,0.0,37.625,54.7,35.82,Modéré
Essaouira,2026-09-19,9,2026,-9.7687,31.513,30.6,18.4,24.5,0.0,18.9,35.3,0.0,0.0,23.625,35.3,23.5,Faible
Essaouira,2026-09-20,9,2026,-9.7687,31.513,37.7,24.7,31.200000000000003,0.0,14.2,30.2,12.000000000000028,0.0,17.75,30.2,22.3,Faible
Azrou,2026-09-14,9,2026,-5.2213,33.4344,31.7,18.9,25.299999999999997,0.0,15.4,49.3,0.0,0.0,19.25,49.3,26.6,Faible
Azrou,2026-09-15,9,2026,-5.2213,33.4344,30.1,18.7,24.4,0.0,19.5,42.1,0.0,0.0,24.375,42.1,25.72,Faible
Azrou,2026-09-16,9,2026,-5.2213,33.4344,26.0,14.7,20.35,0.0,14.8,35.3,0.0,0.0,18.5,35.3,22.21,Faible
Azrou,2026-09-17,9,2026,-5.2213,33.4344,24.8,15.4,20.1,0.0,13.9,34.9,0.0,0.0,17.375,34.9,21.81,Faible
Azrou,2026-09-18,9,2026,-5.2213,33.4344,26.6,12.9,19.75,0.0,12.7,31.3,0.0,0.0,15.875,31.3,20.36,Faible
Azrou,2026-09-19,9,2026,-5.2213,33.4344,28.7,18.4,23.549999999999997,0.3,11.6,37.9,0.0,0.75,14.499999999999998,37.9,22.22,Faible
Azrou,2026-09-20,9,2026,-5.2213,33.4344,30.7,18.9,24.799999999999997,0.0,12.3,46.8,0.0,0.0,15.375,46.8,24.88,Faible
Guercif,2026-09-14,9,2026,-3.36,34.23,32.2,19.5,25.85,0.0,24.4,45.7,0.0,0.0,30.5,45.7,31.34,Modéré
Guercif,2026-09-15,9,2026,-3.36,34.23,33.3,18.8,26.049999999999997,0.0,23.0,42.1,0.0,0.0,28.749999999999996,42.1,26.82,Faible
Guercif,2026-09-16,9,2026,-3.36,34.23,34.3,18.5,26.4,0.0,25.6,47.5,0.0,0.0,32.0,47.5,29.25,Faible
Guercif,2026-09-17,9,2026,-3.36,34.23,31.2,20.4,25.799999999999997,0.0,26.5,48.6,0.0,0.0,33.125,48.6,29.86,Faible
Guercif,2026-09-18,9,2026,-3.36,34.23,30.2,18.2,24.2,0.0,27.8,52.6,0.0,0.0,34.75,52.6,31.47,Modéré
Guercif,2026-09-19,9,2026,-3.36,34.23,32.0,19.7,25.85,0.0,27.0,45.7,0.0,0.0,33.75,45.7,29.15,Faible
Guercif,2026-09-20,9,2026,-3.36,34.23,33.0,20.5,26.75,0.0,26.5,46.8,0.0,0.0,33.125,46.8,29.32,Faible
Warzat,2026-09-14,9,2026,-6.9167,30.9167,34.4,19.7,27.049999999999997,0.0,21.6,37.1,0.0,0.0,27.0,37.1,24.88,Faible
Warzat,2026-09-15,9,2026,-6.9167,30.9167,32.9,21.3,27.1,0.1,28.7,59.0,0.0,0.25,35.875,59.0,33.74,Modéré
Warzat,2026-09-16,9,2026,-6.9167,30.9167,32.8,17.2,25.0,0.0,24.6,42.1,0.0,0.0,30.75,42.1,30.32,Modéré
Warzat,2026-09-17,9,2026,-6.9167,30.9167,33.2,16.5,24.85,0.0,10.7,20.5,0.0,0.0,13.374999999999998,20.5,16.49,Faible
Warzat,2026-09-18,9,2026,-6.9167,30.9167,33.5,17.9,25.7,0.0,10.8,19.4,0.0,0.0,13.5,19.4,16.2,Faible
Warzat,2026-09-19,9,2026,-6.9167,30.9167,30.1,19.1,24.6,0.0,16.1,29.9,0.0,0.0,20.125,29.9,21.0,Faible
Warzat,2026-09-20,9,2026,-6.9167,30.9167,32.8,19.8,26.299999999999997,0.0,18.1,31.0,0.0,0.0,22.625,31.0,21.96,Faible
Fnidq,2026-09-14,9,2026,-5.3587,35.8414,25.9,22.2,24.049999999999997,0.0,24.6,47.5,0.0,0.0,30.75,47.5,28.94,Faible
Fnidq,2026-09-15,9,2026,-5.3587,35.8414,26.1,20.8,23.450000000000003,0.0,14.1,28.8,0.0,0.0,17.625,28.800000000000004,20.05,Faible
Fnidq,2026-09-16,9,2026,-5.3587,35.8414,30.3,18.7,24.5,0.0,28.5,53.6,0.0,0.0,35.625,53.6,31.99,Modéré
Fnidq,2026-09-17,9,2026,-5.3587,35.8414,27.4,19.4,23.4,0.0,15.6,31.7,0.0,0.0,19.5,31.7,21.38,Faible
Fnidq,2026-09-18,9,2026,-5.3587,35.8414,24.9,20.1,22.5,0.0,17.6,33.8,0.0,0.0,22.000000000000004,33.8,20.64,Faible
Fnidq,2026-09-19,9,2026,-5.3587,35.8414,25.7,21.9,23.799999999999997,0.0,23.1,40.0,0.0,0.0,28.875,40.0,26.22,Faible
Fnidq,2026-09-20,9,2026,-5.3587,35.8414,25.4,22.5,23.95,0.0,22.0,39.6,0.0,0.0,27.500000000000004,39.6,25.76,Faible
Tan-Tan,2026-09-14,9,2026,-11.1,28.4333,40.2,27.1,33.650000000000006,0.7000000000000001,27.2,46.4,36.50000000000006,1.7500000000000002,34.0,46.4,31.42,Modéré
Tan-Tan,2026-09-15,9,2026,-11.1,28.4333,33.7,23.5,28.6,0.0,18.8,37.4,0.0,0.0,23.5,37.4,27.1,Faible
Tan-Tan,2026-09-16,9,2026,-11.1,28.4333,31.0,20.2,25.6,0.0,26.3,47.9,0.0,0.0,32.875,47.9,32.59,Modéré
Tan-Tan,2026-09-17,9,2026,-11.1,28.4333,25.6,20.0,22.8,0.3,29.5,52.9,0.0,0.75,36.875,52.900000000000006,28.31,Faible
Tan-Tan,2026-09-18,9,2026,-11.1,28.4333,25.7,19.3,22.5,0.0,24.0,45.0,0.0,0.0,30.0,45.0,28.0,Faible
Tan-Tan,2026-09-19,9,2026,-11.1,28.4333,28.4,18.9,23.65,0.0,18.3,34.9,0.0,0.0,22.875,34.9,23.19,Faible
Tan-Tan,2026-09-20,9,2026,-11.1,28.4333,31.0,16.7,23.85,0.0,14.8,41.4,0.0,0.0,18.5,41.4,24.04,Faible
Sidi Qacem,2026-09-14,9,2026,-5.7,34.21,39.8,25.3,32.55,0.0,16.0,34.6,25.49999999999997,0.0,20.0,34.6,29.2,Faible
Sidi Qacem,2026-09-15,9,2026,-5.7,34.21,34.7,22.0,28.35,0.0,18.0,37.8,0.0,0.0,22.5,37.8,23.96,Faible
Sidi Qacem,2026-09-16,9,2026,-5.7,34.21,31.2,20.8,26.0,0.0,18.2,38.9,0.0,0.0,22.749999999999996,38.9,27.36,Faible
Sidi Qacem,2026-09-17,9,2026,-5.7,34.21,28.0,18.8,23.4,0.0,13.0,28.4,0.0,0.0,16.25,28.4,19.58,Faible
Sidi Qacem,2026-09-18,9,2026,-5.7,34.21,32.3,17.8,25.049999999999997,0.0,14.8,30.6,0.0,0.0,18.5,30.599999999999998,20.8,Faible
Sidi Qacem,2026-09-19,9,2026,-5.7,34.21,38.0,21.0,29.5,0.0,14.2,38.9,0.0,0.0,17.75,38.9,23.11,Faible
Sidi Qacem,2026-09-20,9,2026,-5.7,34.21,40.3,23.8,32.05,0.0,17.1,35.3,20.49999999999997,0.0,21.375000000000004,35.3,29.01,Faible
M’diq,2026-09-14,9,2026,-5.32,35.68,25.4,22.0,23.7,0.0,19.1,41.4,0.0,0.0,23.875,41.4,25.39,Faible
M’diq,2026-09-15,9,2026,-5.32,35.68,25.9,21.2,23.549999999999997,0.0,11.3,27.0,0.0,0.0,14.125000000000002,27.0,18.63,Faible
M’diq,2026-09-16,9,2026,-5.32,35.68,31.8,19.1,25.450000000000003,0.0,16.6,41.0,0.0,0.0,20.75,41.0,27.49,Faible
M’diq,2026-09-17,9,2026,-5.32,35.68,25.3,19.4,22.35,0.0,16.1,36.7,0.0,0.0,20.125,36.7,23.04,Faible
M’diq,2026-09-18,9,2026,-5.32,35.68,24.7,18.5,21.6,0.0,18.1,38.9,0.0,0.0,22.625,38.9,24.33,Faible
M’diq,2026-09-19,9,2026,-5.32,35.68,27.4,21.6,24.5,0.0,27.8,56.5,0.0,0.0,34.75,56.49999999999999,32.64,Modéré
M’diq,2026-09-20,9,2026,-5.32,35.68,27.0,23.2,25.1,0.0,26.5,62.3,0.0,0.0,33.125,62.3,33.97,Modéré
Youssoufia,2026-09-14,9,2026,-8.53,32.25,40.3,26.9,33.599999999999994,0.0,24.3,49.0,35.99999999999994,0.0,30.375000000000004,49.0,34.69,Modéré
Youssoufia,2026-09-15,9,2026,-8.53,32.25,37.1,23.9,30.5,0.0,24.5,49.3,5.0,0.0,30.625000000000004,49.3,30.2,Modéré
Youssoufia,2026-09-16,9,2026,-8.53,32.25,31.6,18.8,25.200000000000003,0.0,21.9,43.9,0.0,0.0,27.375,43.9,30.01,Modéré
Youssoufia,2026-09-17,9,2026,-8.53,32.25,28.0,17.2,22.6,0.0,17.7,36.7,0.0,0.0,22.125,36.7,23.54,Faible
Youssoufia,2026-09-18,9,2026,-8.53,32.25,30.6,16.9,23.75,0.0,18.6,36.7,0.0,0.0,23.25,36.7,21.82,Faible
Youssoufia,2026-09-19,9,2026,-8.53,32.25,35.3,17.3,26.299999999999997,0.6000000000000001,13.8,28.8,0.0,1.5000000000000002,17.25,28.800000000000004,15.4,Faible
Youssoufia,2026-09-20,9,2026,-8.53,32.25,38.8,22.2,30.5,0.0,20.8,47.5,5.0,0.0,26.0,47.5,28.5,Faible
Midalt,2026-09-14,9,2026,-4.74,32.68,30.5,17.0,23.75,0.0,29.2,51.1,0.0,0.0,36.5,51.1,31.46,Modéré
Midalt,2026-09-15,9,2026,-4.74,32.68,30.1,17.0,23.55,0.1,20.3,36.0,0.0,0.25,25.375000000000004,36.0,24.22,Faible
Midalt,2026-09-16,9,2026,-4.74,32.68,26.9,17.2,22.049999999999997,0.0,25.3,46.1,0.0,0.0,31.625000000000004,46.1,28.74,Faible
Midalt,2026-09-17,9,2026,-4.74,32.68,28.2,14.5,21.35,0.0,27.3,48.6,0.0,0.0,34.125,48.6,30.11,Modéré
Midalt,2026-09-18,9,2026,-4.74,32.68,26.9,13.4,20.15,0.0,19.6,35.6,0.0,0.0,24.500000000000004,35.6,23.8,Faible
Midalt,2026-09-19,9,2026,-4.74,32.68,28.9,14.8,21.85,0.0,21.6,33.8,0.0,0.0,27.0,33.8,21.89,Faible
Midalt,2026-09-20,9,2026,-4.74,32.68,30.4,13.7,22.049999999999997,0.0,15.8,26.3,0.0,0.0,19.75,26.3,19.83,Faible
Aïn Harrouda,2026-09-14,9,2026,-7.4483,33.6372,33.9,23.4,28.65,0.0,11.6,30.2,0.0,0.0,14.499999999999998,30.2,22.68,Faible
Aïn Harrouda,2026-09-15,9,2026,-7.4483,33.6372,28.4,21.4,24.9,0.0,13.7,35.3,0.0,0.0,17.125,35.3,19.87,Faible
Aïn Harrouda,2026-09-16,9,2026,-7.4483,33.6372,26.0,20.5,23.25,0.0,15.9,40.7,0.0,0.0,19.875,40.7,24.18,Faible
Aïn Harrouda,2026-09-17,9,2026,-7.4483,33.6372,26.2,19.3,22.75,0.0,13.8,36.4,0.0,0.0,17.25,36.4,22.23,Faible
Aïn Harrouda,2026-09-18,9,2026,-7.4483,33.6372,26.1,16.9,21.5,0.0,15.6,39.6,0.0,0.0,19.5,39.6,21.76,Faible
Aïn Harrouda,2026-09-19,9,2026,-7.4483,33.6372,27.6,19.0,23.3,0.0,14.0,32.0,0.0,0.0,17.5,32.0,18.98,Faible
Aïn Harrouda,2026-09-20,9,2026,-7.4483,33.6372,30.1,21.2,25.65,0.0,14.0,32.8,0.0,0.0,17.5,32.8,24.21,Faible
Souq Sebt Oulad Nemma,2026-09-14,9,2026,-6.7,32.3,41.2,23.3,32.25,0.0,14.3,30.2,22.5,0.0,17.875000000000004,30.2,23.9,Faible
Souq Sebt Oulad Nemma,2026-09-15,9,2026,-6.7,32.3,39.3,24.5,31.9,0.0,20.3,35.6,18.999999999999986,0.0,25.375000000000004,35.6,26.87,Faible
Souq Sebt Oulad Nemma,2026-09-16,9,2026,-6.7,32.3,35.6,19.8,27.700000000000003,0.0,17.3,34.6,0.0,0.0,21.625,34.6,25.79,Faible
Souq Sebt Oulad Nemma,2026-09-17,9,2026,-6.7,32.3,32.3,17.5,24.9,0.0,14.8,28.1,0.0,0.0,18.5,28.1,20.06,Faible
Souq Sebt Oulad Nemma,2026-09-18,9,2026,-6.7,32.3,34.2,17.9,26.05,0.0,7.1,15.1,0.0,0.0,8.875,15.1,13.75,Faible
Souq Sebt Oulad Nemma,2026-09-19,9,2026,-6.7,32.3,37.9,19.4,28.65,0.0,16.6,45.4,0.0,0.0,20.75,45.4,25.81,Faible
Souq Sebt Oulad Nemma,2026-09-20,9,2026,-6.7,32.3,39.6,21.5,30.55,0.0,13.9,26.3,5.500000000000007,0.0,17.375,26.3,20.06,Faible
Mehdya,2026-09-14,9,2026,-6.6745,34.2557,33.3,22.5,27.9,0.0,10.0,24.5,0.0,0.0,12.5,24.5,20.48,Faible
Mehdya,2026-09-15,9,2026,-6.6745,34.2557,27.4,21.1,24.25,0.0,13.5,30.2,0.0,0.0,16.875,30.2,18.28,Faible
Mehdya,2026-09-16,9,2026,-6.6745,34.2557,26.2,20.8,23.5,0.0,17.3,37.4,0.0,0.0,21.625,37.4,23.63,Faible
Mehdya,2026-09-17,9,2026,-6.6745,34.2557,26.2,18.5,22.35,0.0,12.7,29.9,0.0,0.0,15.875,29.9,19.94,Faible
Mehdya,2026-09-18,9,2026,-6.6745,34.2557,27.4,17.5,22.45,0.0,16.6,36.4,0.0,0.0,20.75,36.4,21.11,Faible
Mehdya,2026-09-19,9,2026,-6.6745,34.2557,29.1,17.1,23.1,0.0,13.7,32.4,0.0,0.0,17.125,32.4,21.0,Faible
Mehdya,2026-09-20,9,2026,-6.6745,34.2557,33.7,19.9,26.8,0.0,16.1,36.0,0.0,0.0,20.125,36.0,25.83,Faible
Ouezzane,2026-09-14,9,2026,-5.6,34.8,38.7,21.6,30.150000000000002,0.0,16.3,32.0,1.5000000000000213,0.0,20.375,32.0,24.92,Faible
Ouezzane,2026-09-15,9,2026,-5.6,34.8,35.3,20.3,27.799999999999997,0.0,18.3,36.7,0.0,0.0,22.875,36.7,26.73,Faible
Ouezzane,2026-09-16,9,2026,-5.6,34.8,30.3,17.7,24.0,0.0,17.0,33.5,0.0,0.0,21.25,33.5,22.36,Faible
Ouezzane,2026-09-17,9,2026,-5.6,34.8,26.8,17.7,22.25,0.0,11.6,22.7,0.0,0.0,14.499999999999998,22.7,17.43,Faible
Ouezzane,2026-09-18,9,2026,-5.6,34.8,31.5,15.2,23.35,0.0,13.1,32.0,0.0,0.0,16.375,32.0,20.69,Faible
Ouezzane,2026-09-19,9,2026,-5.6,34.8,37.1,17.0,27.05,0.0,15.5,29.9,0.0,0.0,19.375,29.9,20.81,Faible
Ouezzane,2026-09-20,9,2026,-5.6,34.8,40.1,20.6,30.35,0.0,11.6,24.1,3.500000000000014,0.0,14.499999999999998,24.1,18.38,Faible
Semara,2026-09-14,9,2026,-11.6703,26.7394,40.9,26.7,33.8,11.4,32.8,61.2,37.99999999999997,28.500000000000004,41.0,61.199999999999996,44.86,Modéré
Semara,2026-09-15,9,2026,-11.6703,26.7394,35.9,23.6,29.75,0.0,12.2,25.2,0.0,0.0,15.25,25.2,21.37,Faible
Semara,2026-09-16,9,2026,-11.6703,26.7394,38.0,21.4,29.7,0.0,34.6,56.2,0.0,0.0,43.25,56.2,37.67,Modéré
Semara,2026-09-17,9,2026,-11.6703,26.7394,31.2,19.6,25.4,0.0,28.6,48.6,0.0,0.0,35.75000000000001,48.6,30.52,Modéré
Semara,2026-09-18,9,2026,-11.6703,26.7394,30.2,19.0,24.6,0.0,23.2,41.4,0.0,0.0,28.999999999999996,41.4,26.67,Faible
Semara,2026-09-19,9,2026,-11.6703,26.7394,31.6,17.9,24.75,0.0,15.5,33.5,0.0,0.0,19.375,33.5,21.89,Faible
Semara,2026-09-20,9,2026,-11.6703,26.7394,38.6,18.7,28.65,0.0,14.3,45.4,0.0,0.0,17.875000000000004,45.4,28.09,Faible
Ait Ourir,2026-09-14,9,2026,-7.6628,31.5644,37.9,25.2,31.549999999999997,0.0,14.9,29.9,15.499999999999972,0.0,18.625,29.9,22.95,Faible
Ait Ourir,2026-09-15,9,2026,-7.6628,31.5644,36.7,24.3,30.5,0.0,19.2,36.0,5.0,0.0,24.0,36.0,24.55,Faible
Ait Ourir,2026-09-16,9,2026,-7.6628,31.5644,32.9,19.8,26.35,0.0,14.2,27.4,0.0,0.0,17.75,27.399999999999995,22.66,Faible
Ait Ourir,2026-09-17,9,2026,-7.6628,31.5644,28.9,17.0,22.95,0.0,10.8,21.6,0.0,0.0,13.5,21.6,16.86,Faible
Ait Ourir,2026-09-18,9,2026,-7.6628,31.5644,30.2,17.1,23.65,0.0,12.0,24.5,0.0,0.0,15.0,24.5,18.1,Faible
Ait Ourir,2026-09-19,9,2026,-7.6628,31.5644,34.1,18.5,26.3,0.9,9.7,19.1,0.0,2.25,12.125,19.1,16.44,Faible
Ait Ourir,2026-09-20,9,2026,-7.6628,31.5644,36.7,19.6,28.150000000000002,0.0,16.3,31.3,0.0,0.0,20.375,31.3,21.48,Faible
Oulad Tayeb,2026-09-14,9,2026,-4.9954,33.9598,37.7,22.7,30.200000000000003,0.0,14.8,29.2,2.0000000000000284,0.0,18.5,29.2,20.68,Faible
Oulad Tayeb,2026-09-15,9,2026,-4.9954,33.9598,35.0,23.1,29.05,0.0,16.6,31.7,0.0,0.0,20.75,31.7,21.7,Faible
Oulad Tayeb,2026-09-16,9,2026,-4.9954,33.9598,31.1,20.5,25.8,0.0,17.3,32.4,0.0,0.0,21.625,32.4,25.13,Faible
Oulad Tayeb,2026-09-17,9,2026,-4.9954,33.9598,27.3,18.2,22.75,0.0,13.3,27.0,0.0,0.0,16.625,27.0,17.26,Faible
Oulad Tayeb,2026-09-18,9,2026,-4.9954,33.9598,31.4,17.6,24.5,0.0,14.0,27.0,0.0,0.0,17.5,27.0,19.48,Faible
Oulad Tayeb,2026-09-19,9,2026,-4.9954,33.9598,36.7,20.3,28.5,0.0,9.7,25.2,0.0,0.0,12.125,25.2,17.59,Faible
Oulad Tayeb,2026-09-20,9,2026,-4.9954,33.9598,38.2,22.8,30.5,0.0,17.2,41.0,5.0,0.0,21.5,41.0,25.42,Faible
Tit Mellil,2026-09-14,9,2026,-7.4822,33.5533,34.4,23.9,29.15,0.0,12.4,33.1,0.0,0.0,15.5,33.1,20.8,Faible
Tit Mellil,2026-09-15,9,2026,-7.4822,33.5533,29.2,21.2,25.2,0.0,14.0,36.4,0.0,0.0,17.5,36.4,20.3,Faible
Tit Mellil,2026-09-16,9,2026,-7.4822,33.5533,26.1,20.1,23.1,0.0,15.9,41.0,0.0,0.0,19.875,41.0,24.27,Faible
Tit Mellil,2026-09-17,9,2026,-7.4822,33.5533,26.1,18.7,22.4,0.0,13.5,35.6,0.0,0.0,16.875,35.6,21.9,Faible
Tit Mellil,2026-09-18,9,2026,-7.4822,33.5533,26.1,16.9,21.5,0.0,16.6,41.8,0.0,0.0,20.75,41.8,22.73,Faible
Tit Mellil,2026-09-19,9,2026,-7.4822,33.5533,28.0,19.1,23.55,0.0,13.1,34.9,0.0,0.0,16.375,34.9,19.56,Faible
Tit Mellil,2026-09-20,9,2026,-7.4822,33.5533,31.1,20.5,25.8,0.0,13.3,35.3,0.0,0.0,16.625,35.3,19.75,Faible
Sidi Bennour,2026-09-14,9,2026,-8.4292,32.655,40.7,22.6,31.650000000000002,0.0,25.0,43.2,16.50000000000002,0.0,31.25,43.2,30.25,Modéré
Sidi Bennour,2026-09-15,9,2026,-8.4292,32.655,36.7,20.4,28.55,0.0,25.6,44.6,0.0,0.0,32.0,44.6,31.38,Modéré
Sidi Bennour,2026-09-16,9,2026,-8.4292,32.655,30.0,18.2,24.1,0.0,23.5,40.7,0.0,0.0,29.375,40.7,24.55,Faible
Sidi Bennour,2026-09-17,9,2026,-8.4292,32.655,27.7,17.4,22.549999999999997,0.0,20.1,34.2,0.0,0.0,25.125000000000004,34.2,23.54,Faible
Sidi Bennour,2026-09-18,9,2026,-8.4292,32.655,30.3,16.6,23.450000000000003,0.0,21.0,37.8,0.0,0.0,26.25,37.8,22.9,Faible
Sidi Bennour,2026-09-19,9,2026,-8.4292,32.655,34.3,17.7,26.0,0.0,17.7,34.2,0.0,0.0,22.125,34.2,22.79,Faible
Sidi Bennour,2026-09-20,9,2026,-8.4292,32.655,39.1,20.2,29.65,0.0,19.1,34.9,0.0,0.0,23.875,34.9,26.44,Faible
Temsia,2026-09-14,9,2026,-9.4144,30.3633,40.8,26.0,33.4,0.0,21.5,43.9,33.999999999999986,0.0,26.875,43.9,31.99,Modéré
Temsia,2026-09-15,9,2026,-9.4144,30.3633,36.7,26.1,31.400000000000002,0.2,18.3,39.2,14.000000000000021,0.5,22.875,39.2,26.73,Faible
Temsia,2026-09-16,9,2026,-9.4144,30.3633,31.0,22.2,26.6,0.0,20.9,45.0,0.0,0.0,26.125,45.0,30.03,Modéré
Temsia,2026-09-17,9,2026,-9.4144,30.3633,27.8,20.4,24.1,0.0,20.8,42.8,0.0,0.0,26.0,42.8,26.34,Faible
Temsia,2026-09-18,9,2026,-9.4144,30.3633,27.6,19.6,23.6,0.0,20.3,42.8,0.0,0.0,25.375000000000004,42.8,26.18,Faible
Temsia,2026-09-19,9,2026,-9.4144,30.3633,35.6,19.3,27.450000000000003,0.0,17.8,31.7,0.0,0.0,22.25,31.7,22.07,Faible
Temsia,2026-09-20,9,2026,-9.4144,30.3633,40.9,24.8,32.85,0.0,28.8,50.0,28.500000000000014,0.0,36.0,50.0,35.28,Modéré
Biougra,2026-09-14,9,2026,-9.3708,30.2144,40.6,27.6,34.1,0.0,22.3,38.2,41.000000000000014,0.0,27.875,38.2,31.58,Modéré
Biougra,2026-09-15,9,2026,-9.3708,30.2144,36.7,25.5,31.1,0.8,21.7,34.9,11.000000000000014,2.0,27.125,34.9,21.5,Faible
Biougra,2026-09-16,9,2026,-9.3708,30.2144,32.2,22.9,27.55,0.0,33.4,55.1,0.0,0.0,41.75,55.1,36.97,Modéré
Biougra,2026-09-17,9,2026,-9.3708,30.2144,27.4,20.5,23.95,0.0,31.6,52.2,0.0,0.0,39.5,52.2,32.53,Modéré
Biougra,2026-09-18,9,2026,-9.3708,30.2144,27.7,20.0,23.85,0.0,25.7,42.8,0.0,0.0,32.125,42.8,27.87,Faible
Biougra,2026-09-19,9,2026,-9.3708,30.2144,32.4,19.3,25.85,0.0,20.2,33.5,0.0,0.0,25.25,33.5,23.36,Faible
Biougra,2026-09-20,9,2026,-9.3708,30.2144,39.8,23.4,31.599999999999998,0.0,28.2,48.6,15.999999999999979,0.0,35.25,48.6,35.79,Modéré
Al Hoceïma,2026-09-14,9,2026,-3.9322,35.2472,28.7,19.5,24.1,0.0,15.0,27.7,0.0,0.0,18.75,27.699999999999996,23.0,Faible
Al Hoceïma,2026-09-15,9,2026,-3.9322,35.2472,26.0,19.4,22.7,0.0,10.9,20.2,0.0,0.0,13.625000000000002,20.2,14.47,Faible
Al Hoceïma,2026-09-16,9,2026,-3.9322,35.2472,27.9,19.3,23.6,0.0,10.8,21.6,0.0,0.0,13.5,21.6,14.86,Faible
Al Hoceïma,2026-09-17,9,2026,-3.9322,35.2472,25.4,20.0,22.7,0.0,14.0,25.2,0.0,0.0,17.5,25.2,18.93,Faible
Al Hoceïma,2026-09-18,9,2026,-3.9322,35.2472,26.0,19.1,22.55,0.0,17.3,32.4,0.0,0.0,21.625,32.4,20.13,Faible
Al Hoceïma,2026-09-19,9,2026,-3.9322,35.2472,27.7,19.5,23.6,0.0,14.9,28.8,0.0,0.0,18.625,28.800000000000004,20.3,Faible
Al Hoceïma,2026-09-20,9,2026,-3.9322,35.2472,27.7,22.0,24.85,0.0,12.5,22.7,0.0,0.0,15.625,22.7,15.72,Faible
Qasbat Tadla,2026-09-14,9,2026,-6.26,32.6,40.3,21.3,30.799999999999997,0.0,23.9,45.4,7.999999999999971,0.0,29.874999999999996,45.4,29.29,Faible
Qasbat Tadla,2026-09-15,9,2026,-6.26,32.6,38.6,21.5,30.05,0.0,20.2,37.1,0.5000000000000071,0.0,25.25,37.1,24.52,Faible
Qasbat Tadla,2026-09-16,9,2026,-6.26,32.6,34.5,18.0,26.25,0.0,17.7,38.5,0.0,0.0,22.125,38.5,27.08,Faible
Qasbat Tadla,2026-09-17,9,2026,-6.26,32.6,32.2,17.0,24.6,0.0,10.8,24.5,0.0,0.0,13.5,24.5,17.73,Faible
Qasbat Tadla,2026-09-18,9,2026,-6.26,32.6,34.0,15.9,24.95,0.0,14.3,25.2,0.0,0.0,17.875000000000004,25.2,19.03,Faible
Qasbat Tadla,2026-09-19,9,2026,-6.26,32.6,36.4,19.6,28.0,0.3,11.3,28.1,0.0,0.75,14.125000000000002,28.1,19.19,Faible
Qasbat Tadla,2026-09-20,9,2026,-6.26,32.6,38.6,18.6,28.6,0.0,12.6,25.6,0.0,0.0,15.75,25.6,21.62,Faible
Aziylal,2026-09-14,9,2026,-6.56,31.96,31.7,19.5,25.6,1.2,18.9,41.0,0.0,3.0,23.625,41.0,22.11,Faible
Aziylal,2026-09-15,9,2026,-6.56,31.96,29.8,19.8,24.8,0.0,21.9,45.7,0.0,0.0,27.375,45.7,27.55,Faible
Aziylal,2026-09-16,9,2026,-6.56,31.96,26.6,15.5,21.05,0.0,18.0,37.8,0.0,0.0,22.5,37.8,26.96,Faible
Aziylal,2026-09-17,9,2026,-6.56,31.96,25.5,15.1,20.3,0.0,17.3,36.4,0.0,0.0,21.625,36.4,23.33,Faible
Aziylal,2026-09-18,9,2026,-6.56,31.96,26.3,14.3,20.3,0.0,15.6,33.1,0.0,0.0,19.5,33.1,21.8,Faible
Aziylal,2026-09-19,9,2026,-6.56,31.96,27.8,18.3,23.05,9.3,15.0,32.0,0.0,23.25,18.75,32.0,24.26,Faible
Aziylal,2026-09-20,9,2026,-6.56,31.96,28.8,16.9,22.85,0.0,12.3,32.8,0.0,0.0,15.375,32.8,20.68,Faible
Boujad,2026-09-14,9,2026,-6.3925,32.7741,38.5,21.8,30.15,0.0,10.2,18.0,1.4999999999999858,0.0,12.75,18.0,15.81,Faible
Boujad,2026-09-15,9,2026,-6.3925,32.7741,36.7,22.9,29.8,0.0,22.1,40.0,0.0,0.0,27.625,40.0,25.91,Faible
Boujad,2026-09-16,9,2026,-6.3925,32.7741,32.6,17.7,25.15,0.0,21.5,41.8,0.0,0.0,26.875,41.8,29.26,Faible
Boujad,2026-09-17,9,2026,-6.3925,32.7741,31.0,16.6,23.8,0.0,16.3,33.5,0.0,0.0,20.375,33.5,22.14,Faible
Boujad,2026-09-18,9,2026,-6.3925,32.7741,32.4,16.0,24.2,0.0,18.0,36.7,0.0,0.0,22.5,36.7,23.64,Faible
Boujad,2026-09-19,9,2026,-6.3925,32.7741,34.5,19.5,27.0,0.3,12.6,25.6,0.0,0.75,15.75,25.6,13.84,Faible
Boujad,2026-09-20,9,2026,-6.3925,32.7741,36.4,20.8,28.6,0.0,13.7,35.3,0.0,0.0,17.125,35.3,21.87,Faible
Al Aaroui,2026-09-14,9,2026,-3.0073,35.0104,27.2,20.8,24.0,0.0,22.9,40.0,0.0,0.0,28.625,40.0,24.16,Faible
Al Aaroui,2026-09-15,9,2026,-3.0073,35.0104,28.1,18.7,23.4,0.0,16.3,28.4,0.0,0.0,20.375,28.4,18.61,Faible
Al Aaroui,2026-09-16,9,2026,-3.0073,35.0104,32.9,16.5,24.7,0.0,16.2,28.4,0.0,0.0,20.25,28.4,23.58,Faible
Al Aaroui,2026-09-17,9,2026,-3.0073,35.0104,27.4,19.4,23.4,0.0,16.8,31.0,0.0,0.0,21.000000000000004,31.0,21.55,Faible
Al Aaroui,2026-09-18,9,2026,-3.0073,35.0104,26.8,18.2,22.5,0.0,24.2,43.6,0.0,0.0,30.25,43.6,25.64,Faible
Al Aaroui,2026-09-19,9,2026,-3.0073,35.0104,28.8,20.5,24.65,0.0,20.2,36.4,0.0,0.0,25.25,36.4,24.23,Faible
Al Aaroui,2026-09-20,9,2026,-3.0073,35.0104,29.3,20.8,25.05,0.0,17.7,36.0,0.0,0.0,22.125,36.0,21.33,Faible
Mrirt,2026-09-14,9,2026,-5.5634,33.1654,35.4,20.7,28.049999999999997,0.0,22.1,46.8,0.0,0.0,27.625,46.8,27.95,Faible
Mrirt,2026-09-15,9,2026,-5.5634,33.1654,33.5,19.6,26.55,0.3,21.8,43.2,0.0,0.75,27.250000000000004,43.2,22.0,Faible
Mrirt,2026-09-16,9,2026,-5.5634,33.1654,30.0,15.0,22.5,0.0,20.0,41.0,0.0,0.0,25.0,41.0,28.55,Faible
Mrirt,2026-09-17,9,2026,-5.5634,33.1654,29.0,15.5,22.25,0.0,17.8,36.4,0.0,0.0,22.25,36.4,23.48,Faible
Mrirt,2026-09-18,9,2026,-5.5634,33.1654,29.9,13.5,21.7,0.0,18.4,36.7,0.0,0.0,23.0,36.7,23.76,Faible
Mrirt,2026-09-19,9,2026,-5.5634,33.1654,31.3,16.7,24.0,0.0,19.1,39.6,0.0,0.0,23.875,39.6,24.85,Faible
Mrirt,2026-09-20,9,2026,-5.5634,33.1654,33.7,16.7,25.200000000000003,0.0,16.9,33.5,0.0,0.0,21.125,33.5,22.33,Faible
Tineghir,2026-09-14,9,2026,-5.5328,31.5147,33.6,21.2,27.4,0.0,18.4,30.2,0.0,0.0,23.0,30.2,21.81,Faible
Tineghir,2026-09-15,9,2026,-5.5328,31.5147,30.7,20.3,25.5,2.2,20.1,50.8,0.0,5.500000000000001,25.125000000000004,50.8,26.17,Faible
Tineghir,2026-09-16,9,2026,-5.5328,31.5147,31.2,17.0,24.1,0.0,28.7,44.3,0.0,0.0,35.875,44.3,32.26,Modéré
Tineghir,2026-09-17,9,2026,-5.5328,31.5147,31.5,17.6,24.55,0.0,20.6,33.1,0.0,0.0,25.75,33.1,23.37,Faible
Tineghir,2026-09-18,9,2026,-5.5328,31.5147,31.3,18.7,25.0,0.0,12.2,26.3,0.0,0.0,15.25,26.3,18.7,Faible
Tineghir,2026-09-19,9,2026,-5.5328,31.5147,27.8,19.8,23.8,0.6000000000000001,13.0,26.3,0.0,1.5000000000000002,16.25,26.3,19.4,Faible
Tineghir,2026-09-20,9,2026,-5.5328,31.5147,30.6,18.0,24.3,0.0,14.8,23.4,0.0,0.0,18.5,23.4,21.64,Faible
Bouknadel,2026-09-14,9,2026,-6.6893,34.1766,31.0,22.4,26.7,0.0,9.7,18.0,0.0,0.0,12.125,18.0,18.43,Faible
Bouknadel,2026-09-15,9,2026,-6.6893,34.1766,26.0,21.2,23.6,0.0,16.9,29.5,0.0,0.0,21.125,29.5,19.13,Faible
Bouknadel,2026-09-16,9,2026,-6.6893,34.1766,25.1,20.7,22.9,0.0,21.2,36.7,0.0,0.0,26.5,36.7,24.64,Faible
Bouknadel,2026-09-17,9,2026,-6.6893,34.1766,25.0,18.7,21.85,0.0,14.4,26.3,0.0,0.0,18.0,26.3,19.39,Faible
Bouknadel,2026-09-18,9,2026,-6.6893,34.1766,25.5,17.7,21.6,0.0,18.4,31.7,0.0,0.0,23.0,31.7,20.26,Faible
Bouknadel,2026-09-19,9,2026,-6.6893,34.1766,29.1,17.2,23.15,0.0,13.7,32.4,0.0,0.0,17.125,32.4,21.0,Faible
Bouknadel,2026-09-20,9,2026,-6.6893,34.1766,33.6,19.9,26.75,0.0,16.1,36.0,0.0,0.0,20.125,36.0,25.83,Faible
Cabo Bojador,2026-09-14,9,2026,-14.4992,26.1269,32.7,22.3,27.5,0.0,29.1,44.6,0.0,0.0,36.375,44.6,32.47,Modéré
Cabo Bojador,2026-09-15,9,2026,-14.4992,26.1269,34.4,24.8,29.6,0.0,30.9,49.7,0.0,0.0,38.625,49.7,34.57,Modéré
Cabo Bojador,2026-09-16,9,2026,-14.4992,26.1269,28.7,22.0,25.35,0.0,27.5,50.0,0.0,0.0,34.375,50.0,33.59,Modéré
Cabo Bojador,2026-09-17,9,2026,-14.4992,26.1269,25.5,20.8,23.15,0.0,32.3,58.3,0.0,0.0,40.37499999999999,58.3,34.58,Modéré
Cabo Bojador,2026-09-18,9,2026,-14.4992,26.1269,24.8,19.6,22.200000000000003,0.0,24.6,47.5,0.0,0.0,30.75,47.5,28.94,Faible
Cabo Bojador,2026-09-19,9,2026,-14.4992,26.1269,25.1,19.1,22.1,0.0,21.6,41.8,0.0,0.0,27.0,41.8,29.29,Faible
Cabo Bojador,2026-09-20,9,2026,-14.4992,26.1269,28.7,19.3,24.0,0.0,28.7,49.0,0.0,0.0,35.875,49.0,33.67,Modéré
Zagora,2026-09-14,9,2026,-5.8376,30.3316,38.5,24.1,31.3,0.0,15.9,27.7,13.000000000000005,0.0,19.875,27.699999999999996,22.23,Faible
Zagora,2026-09-15,9,2026,-5.8376,30.3316,35.3,27.9,31.599999999999998,0.1,16.3,31.0,15.999999999999979,0.25,20.375,31.0,23.87,Faible
Zagora,2026-09-16,9,2026,-5.8376,30.3316,37.2,23.1,30.150000000000002,0.0,14.0,23.8,1.5000000000000213,0.0,17.5,23.8,21.74,Faible
Zagora,2026-09-17,9,2026,-5.8376,30.3316,36.9,24.0,30.45,0.0,20.5,32.0,4.499999999999993,0.0,25.624999999999996,32.0,23.68,Faible
Zagora,2026-09-18,9,2026,-5.8376,30.3316,36.8,23.8,30.299999999999997,0.0,16.6,26.3,2.9999999999999716,0.0,20.75,26.3,20.53,Faible
Zagora,2026-09-19,9,2026,-5.8376,30.3316,33.9,24.0,28.95,0.0,25.6,39.6,0.0,0.0,32.0,39.6,26.88,Faible
Zagora,2026-09-20,9,2026,-5.8376,30.3316,35.7,25.9,30.8,0.0,19.1,30.6,8.000000000000007,0.0,23.875,30.599999999999998,23.35,Faible
Azemmour,2026-09-14,9,2026,-8.3333,33.2833,32.2,20.3,26.25,0.0,14.0,25.9,0.0,0.0,17.5,25.900000000000002,19.14,Faible
Azemmour,2026-09-15,9,2026,-8.3333,33.2833,28.3,21.0,24.65,0.0,17.3,31.3,0.0,0.0,21.625,31.3,19.8,Faible
Azemmour,2026-09-16,9,2026,-8.3333,33.2833,26.1,19.9,23.0,0.0,19.6,36.0,0.0,0.0,24.500000000000004,36.0,21.92,Faible
Azemmour,2026-09-17,9,2026,-8.3333,33.2833,26.1,18.1,22.1,0.0,14.8,27.0,0.0,0.0,18.5,27.0,19.73,Faible
Azemmour,2026-09-18,9,2026,-8.3333,33.2833,25.9,17.5,21.7,0.0,20.3,36.7,0.0,0.0,25.375000000000004,36.7,22.35,Faible
Azemmour,2026-09-19,9,2026,-8.3333,33.2833,27.1,19.7,23.4,0.0,18.4,34.9,0.0,0.0,23.0,34.9,23.22,Faible
Azemmour,2026-09-20,9,2026,-8.3333,33.2833,29.2,21.1,25.15,0.0,17.3,32.8,0.0,0.0,21.625,32.8,20.25,Faible
El Hajeb,2026-09-14,9,2026,-5.3711,33.6928,34.9,23.6,29.25,0.0,18.7,40.3,0.0,0.0,23.375,40.3,24.93,Faible
El Hajeb,2026-09-15,9,2026,-5.3711,33.6928,32.8,21.1,26.95,0.0,20.1,42.1,0.0,0.0,25.125000000000004,42.1,25.91,Faible
El Hajeb,2026-09-16,9,2026,-5.3711,33.6928,28.7,18.5,23.6,0.0,20.0,41.4,0.0,0.0,25.0,41.4,28.67,Faible
El Hajeb,2026-09-17,9,2026,-5.3711,33.6928,25.5,16.2,20.85,0.0,15.6,32.8,0.0,0.0,19.5,32.8,21.71,Faible
El Hajeb,2026-09-18,9,2026,-5.3711,33.6928,27.5,14.6,21.05,0.0,18.3,38.2,0.0,0.0,22.875,38.2,24.18,Faible
El Hajeb,2026-09-19,9,2026,-5.3711,33.6928,32.8,17.2,25.0,0.0,11.9,22.7,0.0,0.0,14.875,22.7,17.53,Faible
El Hajeb,2026-09-20,9,2026,-5.3711,33.6928,34.6,20.7,27.65,0.0,20.4,41.4,0.0,0.0,25.5,41.4,25.8,Faible
Jerada,2026-09-14,9,2026,-2.16,34.31,30.9,18.2,24.549999999999997,0.0,16.6,33.1,0.0,0.0,20.75,33.1,25.12,Faible
Jerada,2026-09-15,9,2026,-2.16,34.31,30.9,19.6,25.25,0.0,18.2,34.2,0.0,0.0,22.749999999999996,34.2,22.95,Faible
Jerada,2026-09-16,9,2026,-2.16,34.31,28.9,19.0,23.95,0.0,22.9,43.2,0.0,0.0,28.625,43.2,30.12,Modéré
Jerada,2026-09-17,9,2026,-2.16,34.31,26.8,17.2,22.0,0.0,13.9,35.6,0.0,0.0,17.375,35.6,22.02,Faible
Jerada,2026-09-18,9,2026,-2.16,34.31,27.1,14.9,21.0,0.0,18.7,49.3,0.0,0.0,23.375,49.3,27.63,Faible
Jerada,2026-09-19,9,2026,-2.16,34.31,33.2,14.9,24.05,0.0,16.8,37.1,0.0,0.0,21.000000000000004,37.1,23.38,Faible
Jerada,2026-09-20,9,2026,-2.16,34.31,32.4,17.3,24.85,0.0,17.1,33.8,0.0,0.0,21.375000000000004,33.8,22.48,Faible
El Aïoun,2026-09-14,9,2026,-2.5127,34.5726,32.2,17.7,24.950000000000003,0.0,15.8,26.6,0.0,0.0,19.75,26.6,22.92,Faible
El Aïoun,2026-09-15,9,2026,-2.5127,34.5726,32.3,16.7,24.5,0.0,12.0,21.2,0.0,0.0,15.0,21.2,17.11,Faible
El Aïoun,2026-09-16,9,2026,-2.5127,34.5726,31.8,16.3,24.05,0.0,21.2,36.7,0.0,0.0,26.5,36.7,27.64,Faible
El Aïoun,2026-09-17,9,2026,-2.5127,34.5726,28.7,16.4,22.549999999999997,0.0,15.8,28.1,0.0,0.0,19.75,28.1,20.37,Faible
El Aïoun,2026-09-18,9,2026,-2.5127,34.5726,28.3,14.9,21.6,0.0,18.7,32.4,0.0,0.0,23.375,32.4,20.56,Faible
El Aïoun,2026-09-19,9,2026,-2.5127,34.5726,31.5,16.4,23.95,0.0,14.4,25.6,0.0,0.0,18.0,25.6,19.18,Faible
El Aïoun,2026-09-20,9,2026,-2.5127,34.5726,31.4,17.7,24.549999999999997,0.0,13.8,26.3,0.0,0.0,17.25,26.3,17.2,Faible
Tameslouht,2026-09-14,9,2026,-8.1,31.5,39.2,26.5,32.85,0.0,17.1,29.9,28.500000000000014,0.0,21.375000000000004,29.9,25.59,Faible
Tameslouht,2026-09-15,9,2026,-8.1,31.5,37.9,25.7,31.799999999999997,0.0,23.1,37.8,17.99999999999997,0.0,28.875,37.8,28.26,Faible
Tameslouht,2026-09-16,9,2026,-8.1,31.5,34.0,21.2,27.6,0.0,19.7,33.8,0.0,0.0,24.625,33.8,26.3,Faible
Tameslouht,2026-09-17,9,2026,-8.1,31.5,29.6,17.5,23.55,0.0,12.9,22.3,0.0,0.0,16.125,22.3,20.72,Faible
Tameslouht,2026-09-18,9,2026,-8.1,31.5,31.2,17.7,24.45,0.0,11.4,20.2,0.0,0.0,14.250000000000002,20.2,16.62,Faible
Tameslouht,2026-09-19,9,2026,-8.1,31.5,35.4,19.0,27.2,0.6000000000000001,14.8,40.3,0.0,1.5000000000000002,18.5,40.3,24.16,Faible
Tameslouht,2026-09-20,9,2026,-8.1,31.5,37.3,21.2,29.25,0.0,12.8,26.3,0.0,0.0,16.0,26.3,18.89,Faible
Sidi Yahia El Gharb,2026-09-14,9,2026,-6.3058,34.3058,37.4,22.4,29.9,0.0,16.6,30.2,0.0,0.0,20.75,30.2,24.25,Faible
Sidi Yahia El Gharb,2026-09-15,9,2026,-6.3058,34.3058,31.1,20.4,25.75,0.0,19.5,34.9,0.0,0.0,24.375,34.9,26.56,Faible
Sidi Yahia El Gharb,2026-09-16,9,2026,-6.3058,34.3058,28.0,20.4,24.2,0.0,20.8,37.1,0.0,0.0,26.0,37.1,24.63,Faible
Sidi Yahia El Gharb,2026-09-17,9,2026,-6.3058,34.3058,27.3,18.2,22.75,0.0,14.8,28.4,0.0,0.0,18.5,28.4,20.14,Faible
Sidi Yahia El Gharb,2026-09-18,9,2026,-6.3058,34.3058,29.3,16.9,23.1,0.0,19.7,36.4,0.0,0.0,24.625,36.4,22.08,Faible
Sidi Yahia El Gharb,2026-09-19,9,2026,-6.3058,34.3058,34.6,17.4,26.0,0.0,20.9,38.2,0.0,0.0,26.125,38.2,24.99,Faible
Sidi Yahia El Gharb,2026-09-20,9,2026,-6.3058,34.3058,39.1,21.1,30.1,0.0,20.7,37.4,1.0000000000000142,0.0,25.874999999999996,37.4,27.84,Faible
Chichaoua,2026-09-14,9,2026,-8.7667,31.5333,40.3,23.8,32.05,0.0,30.6,49.3,20.49999999999997,0.0,38.25,49.3,34.43,Modéré
Chichaoua,2026-09-15,9,2026,-8.7667,31.5333,38.6,24.0,31.3,0.0,26.7,42.8,13.000000000000005,0.0,33.375,42.8,30.13,Modéré
Chichaoua,2026-09-16,9,2026,-8.7667,31.5333,34.3,21.1,27.7,0.0,25.6,41.4,0.0,0.0,32.0,41.4,30.42,Modéré
Chichaoua,2026-09-17,9,2026,-8.7667,31.5333,29.8,17.9,23.85,0.0,17.3,28.8,0.0,0.0,21.625,28.800000000000004,21.05,Faible
Chichaoua,2026-09-18,9,2026,-8.7667,31.5333,31.5,17.9,24.7,0.0,17.5,30.2,0.0,0.0,21.875,30.2,21.53,Faible
Chichaoua,2026-09-19,9,2026,-8.7667,31.5333,36.0,18.7,27.35,0.9,14.0,46.1,0.0,2.25,17.5,46.1,21.88,Faible
Chichaoua,2026-09-20,9,2026,-8.7667,31.5333,37.3,21.8,29.549999999999997,0.0,10.2,19.8,0.0,0.0,12.75,19.8,16.13,Faible
Al ’Attawia,2026-09-14,9,2026,-7.31,31.83,38.1,23.6,30.85,0.0,20.5,36.4,8.500000000000014,0.0,25.624999999999996,36.4,25.6,Faible
Al ’Attawia,2026-09-15,9,2026,-7.31,31.83,36.7,23.0,29.85,0.0,20.3,36.4,0.0,0.0,25.375000000000004,36.4,24.26,Faible
Al ’Attawia,2026-09-16,9,2026,-7.31,31.83,32.8,18.3,25.549999999999997,0.0,17.1,29.9,0.0,0.0,21.375000000000004,29.9,24.31,Faible
Al ’Attawia,2026-09-17,9,2026,-7.31,31.83,29.1,16.4,22.75,0.0,12.9,24.5,0.0,0.0,16.125,24.5,16.38,Faible
Al ’Attawia,2026-09-18,9,2026,-7.31,31.83,30.2,16.5,23.35,0.0,15.0,26.6,0.0,0.0,18.75,26.6,19.67,Faible
Al ’Attawia,2026-09-19,9,2026,-7.31,31.83,34.3,16.9,25.599999999999998,0.6000000000000001,12.3,35.3,0.0,1.5000000000000002,15.375,35.3,16.88,Faible
Al ’Attawia,2026-09-20,9,2026,-7.31,31.83,36.7,18.5,27.6,0.0,17.3,29.5,0.0,0.0,21.625,29.5,21.26,Faible
Tabount,2026-09-14,9,2026,-6.9217,30.9014,34.4,21.1,27.75,0.0,19.1,31.7,0.0,0.0,23.875,31.7,22.48,Faible
Tabount,2026-09-15,9,2026,-6.9217,30.9014,33.2,21.9,27.55,0.1,19.4,65.5,0.0,0.25,24.25,65.5,32.79,Modéré
Tabount,2026-09-16,9,2026,-6.9217,30.9014,33.1,18.9,26.0,0.0,24.0,39.2,0.0,0.0,30.0,39.2,29.26,Faible
Tabount,2026-09-17,9,2026,-6.9217,30.9014,33.7,18.0,25.85,0.0,12.9,22.0,0.0,0.0,16.125,22.0,17.63,Faible
Tabount,2026-09-18,9,2026,-6.9217,30.9014,33.8,19.1,26.45,0.0,11.4,26.6,0.0,0.0,14.250000000000002,26.6,18.54,Faible
Tabount,2026-09-19,9,2026,-6.9217,30.9014,30.0,19.0,24.5,0.0,16.1,29.9,0.0,0.0,20.125,29.9,21.0,Faible
Tabount,2026-09-20,9,2026,-6.9217,30.9014,32.7,19.7,26.200000000000003,0.0,18.1,31.0,0.0,0.0,22.625,31.0,21.96,Faible
Zaïo,2026-09-14,9,2026,-2.7334,34.9396,29.6,19.7,24.65,0.0,13.2,34.6,0.0,0.0,16.499999999999996,34.6,19.5,Faible
Zaïo,2026-09-15,9,2026,-2.7334,34.9396,29.6,18.7,24.15,0.0,9.9,24.1,0.0,0.0,12.375,24.1,15.32,Faible
Zaïo,2026-09-16,9,2026,-2.7334,34.9396,33.2,18.4,25.8,0.0,15.2,34.2,0.0,0.0,19.0,34.2,20.01,Faible
Zaïo,2026-09-17,9,2026,-2.7334,34.9396,27.6,19.4,23.5,0.0,12.8,32.8,0.0,0.0,16.0,32.8,18.84,Faible
Zaïo,2026-09-18,9,2026,-2.7334,34.9396,27.8,18.9,23.35,0.0,15.7,36.0,0.0,0.0,19.624999999999996,36.0,20.71,Faible
Zaïo,2026-09-19,9,2026,-2.7334,34.9396,28.7,19.8,24.25,0.0,19.7,34.6,0.0,0.0,24.625,34.6,23.54,Faible
Zaïo,2026-09-20,9,2026,-2.7334,34.9396,29.1,20.9,25.0,0.0,19.8,35.6,0.0,0.0,24.75,35.6,21.87,Faible
Aguelmous,2026-09-14,9,2026,-5.8366,33.1324,35.0,21.4,28.2,0.1,16.4,34.9,0.0,0.25,20.5,34.9,22.67,Faible
Aguelmous,2026-09-15,9,2026,-5.8366,33.1324,33.0,18.8,25.9,0.0,22.1,43.6,0.0,0.0,27.625,43.6,26.99,Faible
Aguelmous,2026-09-16,9,2026,-5.8366,33.1324,29.6,15.6,22.6,0.0,19.5,41.4,0.0,0.0,24.375,41.4,28.51,Faible
Aguelmous,2026-09-17,9,2026,-5.8366,33.1324,28.4,15.8,22.1,0.0,15.2,31.7,0.0,0.0,19.0,31.7,21.26,Faible
Aguelmous,2026-09-18,9,2026,-5.8366,33.1324,29.9,13.9,21.9,0.0,20.6,40.7,0.0,0.0,25.75,40.7,25.65,Faible
Aguelmous,2026-09-19,9,2026,-5.8366,33.1324,31.0,17.0,24.0,0.3,15.8,34.9,0.0,0.75,19.75,34.9,22.63,Faible
Aguelmous,2026-09-20,9,2026,-5.8366,33.1324,33.3,17.6,25.45,0.0,16.9,32.8,0.0,0.0,21.125,32.8,22.12,Faible
Asilah,2026-09-14,9,2026,-6.0333,35.4667,32.3,23.5,27.9,0.0,22.6,41.0,0.0,0.0,28.250000000000004,41.0,29.36,Faible
Asilah,2026-09-15,9,2026,-6.0333,35.4667,32.5,21.8,27.15,0.0,20.4,38.2,0.0,0.0,25.5,38.2,27.84,Faible
Asilah,2026-09-16,9,2026,-6.0333,35.4667,25.3,19.8,22.55,0.0,21.9,39.6,0.0,0.0,27.375,39.6,25.72,Faible
Asilah,2026-09-17,9,2026,-6.0333,35.4667,24.1,19.2,21.65,0.0,16.6,30.2,0.0,0.0,20.75,30.2,21.25,Faible
Asilah,2026-09-18,9,2026,-6.0333,35.4667,28.6,17.1,22.85,0.0,25.5,49.0,0.0,0.0,31.874999999999996,49.0,29.67,Faible
Asilah,2026-09-19,9,2026,-6.0333,35.4667,36.5,21.6,29.05,0.0,19.2,34.9,0.0,0.0,24.0,34.9,23.47,Faible
Asilah,2026-09-20,9,2026,-6.0333,35.4667,37.8,23.3,30.549999999999997,0.0,18.1,36.0,5.499999999999972,0.0,22.625,36.0,27.28,Faible
Imzouren,2026-09-14,9,2026,-3.8506,35.1464,29.3,19.3,24.3,0.0,14.1,25.9,0.0,0.0,17.625,25.900000000000002,22.18,Faible
Imzouren,2026-09-15,9,2026,-3.8506,35.1464,26.5,19.1,22.8,0.0,12.3,22.3,0.0,0.0,15.375,22.3,17.53,Faible
Imzouren,2026-09-16,9,2026,-3.8506,35.1464,29.0,19.9,24.45,0.0,11.8,21.6,0.0,0.0,14.750000000000002,21.6,20.17,Faible
Imzouren,2026-09-17,9,2026,-3.8506,35.1464,25.9,19.6,22.75,0.0,14.4,26.6,0.0,0.0,18.0,26.6,19.48,Faible
Imzouren,2026-09-18,9,2026,-3.8506,35.1464,26.3,18.7,22.5,0.0,16.2,30.2,0.0,0.0,20.25,30.2,21.12,Faible
Imzouren,2026-09-19,9,2026,-3.8506,35.1464,30.2,19.3,24.75,0.0,12.0,23.4,0.0,0.0,15.0,23.4,17.77,Faible
Imzouren,2026-09-20,9,2026,-3.8506,35.1464,30.7,20.9,25.799999999999997,0.0,11.7,23.4,0.0,0.0,14.625,23.4,17.68,Faible
Mediouna,2026-09-14,9,2026,-7.5208,33.4556,38.5,23.9,31.2,0.0,19.0,33.8,11.999999999999993,0.0,23.75,33.8,24.88,Faible
Mediouna,2026-09-15,9,2026,-7.5208,33.4556,32.6,20.3,26.450000000000003,0.0,19.0,33.8,0.0,0.0,23.75,33.8,21.08,Faible
Mediouna,2026-09-16,9,2026,-7.5208,33.4556,27.8,19.2,23.5,0.0,19.8,35.3,0.0,0.0,24.75,35.3,21.78,Faible
Mediouna,2026-09-17,9,2026,-7.5208,33.4556,27.1,18.2,22.65,0.0,15.0,28.4,0.0,0.0,18.75,28.4,20.21,Faible
Mediouna,2026-09-18,9,2026,-7.5208,33.4556,27.8,16.2,22.0,0.0,20.2,37.4,0.0,0.0,25.25,37.4,22.53,Faible
Mediouna,2026-09-19,9,2026,-7.5208,33.4556,27.6,18.4,23.0,0.0,13.1,34.9,0.0,0.0,16.375,34.9,19.56,Faible
Mediouna,2026-09-20,9,2026,-7.5208,33.4556,30.7,20.1,25.4,0.0,13.3,35.3,0.0,0.0,16.625,35.3,19.75,Faible
Demnat,2026-09-14,9,2026,-7.0361,31.7311,35.1,23.4,29.25,0.0,18.4,35.3,0.0,0.0,23.0,35.3,23.34,Faible
Demnat,2026-09-15,9,2026,-7.0361,31.7311,33.7,21.5,27.6,0.0,21.1,39.6,0.0,0.0,26.375000000000004,39.6,25.47,Faible
Demnat,2026-09-16,9,2026,-7.0361,31.7311,29.9,17.5,23.7,0.0,18.0,34.2,0.0,0.0,22.5,34.2,25.88,Faible
Demnat,2026-09-17,9,2026,-7.0361,31.7311,26.3,15.0,20.65,0.0,13.5,26.3,0.0,0.0,16.875,26.3,22.11,Faible
Demnat,2026-09-18,9,2026,-7.0361,31.7311,27.8,14.7,21.25,0.0,12.4,23.4,0.0,0.0,15.5,23.4,20.9,Faible
Demnat,2026-09-19,9,2026,-7.0361,31.7311,31.2,16.1,23.65,0.3,13.4,36.0,0.0,0.75,16.75,36.0,22.21,Faible
Demnat,2026-09-20,9,2026,-7.0361,31.7311,33.7,17.8,25.75,0.3,13.1,35.3,0.0,0.75,16.375,35.3,21.91,Faible
Aïn Taoujdat,2026-09-14,9,2026,-5.2167,33.9333,37.2,22.1,29.650000000000002,0.0,16.4,31.7,0.0,0.0,20.5,31.7,21.64,Faible
Aïn Taoujdat,2026-09-15,9,2026,-5.2167,33.9333,34.6,22.0,28.3,0.0,18.2,38.5,0.0,0.0,22.749999999999996,38.5,24.24,Faible
Aïn Taoujdat,2026-09-16,9,2026,-5.2167,33.9333,31.1,20.3,25.700000000000003,0.0,19.0,36.7,0.0,0.0,23.75,36.7,26.95,Faible
Aïn Taoujdat,2026-09-17,9,2026,-5.2167,33.9333,26.4,17.6,22.0,0.0,15.1,28.8,0.0,0.0,18.875,28.800000000000004,18.36,Faible
Aïn Taoujdat,2026-09-18,9,2026,-5.2167,33.9333,30.7,16.5,23.6,0.0,14.2,28.4,0.0,0.0,17.75,28.4,19.96,Faible
Aïn Taoujdat,2026-09-19,9,2026,-5.2167,33.9333,36.3,19.2,27.75,0.3,13.5,26.3,0.0,0.75,16.875,26.3,19.33,Faible
Aïn Taoujdat,2026-09-20,9,2026,-5.2167,33.9333,37.9,21.3,29.6,0.0,17.9,33.8,0.0,0.0,22.374999999999996,33.8,25.73,Faible
Sidi Smai’il,2026-09-14,9,2026,-8.5,32.8167,39.8,22.4,31.099999999999998,0.0,19.5,33.8,10.999999999999979,0.0,24.375,33.8,27.88,Faible
Sidi Smai’il,2026-09-15,9,2026,-8.5,32.8167,34.9,20.5,27.7,0.0,22.0,38.5,0.0,0.0,27.500000000000004,38.5,28.42,Faible
Sidi Smai’il,2026-09-16,9,2026,-8.5,32.8167,28.4,19.3,23.85,0.0,21.6,37.4,0.0,0.0,27.0,37.4,24.97,Faible
Sidi Smai’il,2026-09-17,9,2026,-8.5,32.8167,27.1,17.9,22.5,0.0,17.6,31.3,0.0,0.0,22.000000000000004,31.3,21.89,Faible
Sidi Smai’il,2026-09-18,9,2026,-8.5,32.8167,28.8,17.3,23.05,0.0,20.7,37.8,0.0,0.0,25.874999999999996,37.8,22.81,Faible
Sidi Smai’il,2026-09-19,9,2026,-8.5,32.8167,31.3,18.5,24.9,0.0,18.8,34.2,0.0,0.0,23.5,34.2,23.14,Faible
Sidi Smai’il,2026-09-20,9,2026,-8.5,32.8167,36.4,20.7,28.549999999999997,0.0,19.1,35.3,0.0,0.0,23.875,35.3,26.56,Faible
Moulay Bousselham,2026-09-14,9,2026,-6.2933,34.8786,33.6,21.1,27.35,0.0,15.2,25.6,0.0,0.0,19.0,25.6,22.43,Faible
Moulay Bousselham,2026-09-15,9,2026,-6.2933,34.8786,27.6,19.1,23.35,0.0,28.0,46.1,0.0,0.0,35.0,46.1,27.58,Faible
Moulay Bousselham,2026-09-16,9,2026,-6.2933,34.8786,25.2,19.4,22.299999999999997,0.0,18.2,30.2,0.0,0.0,22.749999999999996,30.2,19.75,Faible
Moulay Bousselham,2026-09-17,9,2026,-6.2933,34.8786,24.8,18.4,21.6,0.0,12.9,22.0,0.0,0.0,16.125,22.0,15.63,Faible
Moulay Bousselham,2026-09-18,9,2026,-6.2933,34.8786,25.3,15.6,20.45,0.0,19.7,32.8,0.0,0.0,24.625,32.8,21.0,Faible
Moulay Bousselham,2026-09-19,9,2026,-6.2933,34.8786,30.7,17.4,24.049999999999997,0.0,18.6,32.8,0.0,0.0,23.25,32.8,22.65,Faible
Moulay Bousselham,2026-09-20,9,2026,-6.2933,34.8786,35.9,20.1,28.0,0.0,19.5,35.3,0.0,0.0,24.375,35.3,26.68,Faible
Mechraa Bel Ksiri,2026-09-14,9,2026,-5.95,34.56,39.4,24.2,31.799999999999997,0.0,17.4,32.8,17.99999999999997,0.0,21.749999999999996,32.8,27.98,Faible
Mechraa Bel Ksiri,2026-09-15,9,2026,-5.95,34.56,34.6,20.6,27.6,0.0,19.5,37.1,0.0,0.0,24.375,37.1,27.22,Faible
Mechraa Bel Ksiri,2026-09-16,9,2026,-5.95,34.56,29.6,19.8,24.700000000000003,0.0,18.6,34.2,0.0,0.0,23.25,34.2,23.07,Faible
Mechraa Bel Ksiri,2026-09-17,9,2026,-5.95,34.56,27.7,19.0,23.35,0.0,12.4,23.8,0.0,0.0,15.5,23.8,18.02,Faible
Mechraa Bel Ksiri,2026-09-18,9,2026,-5.95,34.56,31.8,16.2,24.0,0.0,15.4,34.6,0.0,0.0,19.25,34.6,20.19,Faible
Mechraa Bel Ksiri,2026-09-19,9,2026,-5.95,34.56,36.2,18.7,27.450000000000003,0.0,19.6,36.4,0.0,0.0,24.500000000000004,36.4,24.04,Faible
Mechraa Bel Ksiri,2026-09-20,9,2026,-5.95,34.56,40.6,20.9,30.75,0.0,15.3,34.9,7.5,0.0,19.125,34.9,26.38,Faible
Souk et Tnine Jorf el Mellah,2026-09-14,9,2026,-5.5047,34.4945,39.8,26.5,33.15,0.0,16.0,29.9,31.499999999999982,0.0,20.0,29.9,28.69,Faible
Souk et Tnine Jorf el Mellah,2026-09-15,9,2026,-5.5047,34.4945,35.8,21.7,28.75,0.0,19.0,36.4,0.0,0.0,23.75,36.4,23.86,Faible
Souk et Tnine Jorf el Mellah,2026-09-16,9,2026,-5.5047,34.4945,31.4,20.4,25.9,0.0,19.3,36.0,0.0,0.0,24.125000000000004,36.0,23.83,Faible
Souk et Tnine Jorf el Mellah,2026-09-17,9,2026,-5.5047,34.4945,28.1,19.8,23.950000000000003,0.0,12.5,23.8,0.0,0.0,15.625,23.8,18.05,Faible
Souk et Tnine Jorf el Mellah,2026-09-18,9,2026,-5.5047,34.4945,33.1,17.4,25.25,0.0,10.5,18.7,0.0,0.0,13.125,18.7,13.89,Faible
Souk et Tnine Jorf el Mellah,2026-09-19,9,2026,-5.5047,34.4945,39.0,20.9,29.95,0.0,16.2,29.9,0.0,0.0,20.25,29.9,21.03,Faible
Souk et Tnine Jorf el Mellah,2026-09-20,9,2026,-5.5047,34.4945,41.1,22.5,31.8,0.0,12.3,27.4,18.000000000000007,0.0,15.375,27.399999999999995,24.76,Faible
Zeghanghane,2026-09-14,9,2026,-3.0017,35.1575,26.8,21.3,24.05,0.0,21.4,40.0,0.0,0.0,26.749999999999996,40.0,25.69,Faible
Zeghanghane,2026-09-15,9,2026,-3.0017,35.1575,27.8,19.9,23.85,0.0,13.8,27.7,0.0,0.0,17.25,27.699999999999996,17.62,Faible
Zeghanghane,2026-09-16,9,2026,-3.0017,35.1575,31.8,17.6,24.700000000000003,0.0,13.4,26.3,0.0,0.0,16.75,26.3,17.08,Faible
Zeghanghane,2026-09-17,9,2026,-3.0017,35.1575,26.9,20.0,23.45,0.0,10.5,22.7,0.0,0.0,13.125,22.7,17.09,Faible
Zeghanghane,2026-09-18,9,2026,-3.0017,35.1575,26.3,19.4,22.85,0.0,19.5,38.5,0.0,0.0,24.375,38.5,24.64,Faible
Zeghanghane,2026-09-19,9,2026,-3.0017,35.1575,27.9,21.6,24.75,0.0,18.9,34.6,0.0,0.0,23.625,34.6,23.29,Faible
Zeghanghane,2026-09-20,9,2026,-3.0017,35.1575,27.9,21.8,24.85,0.0,19.2,35.3,0.0,0.0,24.0,35.3,23.59,Faible
Oulad Barhil,2026-09-14,9,2026,-8.475,30.6408,40.6,23.0,31.8,0.0,22.2,40.3,18.000000000000007,0.0,27.749999999999996,40.3,28.73,Faible
Oulad Barhil,2026-09-15,9,2026,-8.475,30.6408,39.8,24.1,31.95,0.0,32.8,63.7,19.499999999999993,0.0,41.0,63.7,39.28,Modéré
Oulad Barhil,2026-09-16,9,2026,-8.475,30.6408,35.8,21.0,28.4,0.0,27.5,51.1,0.0,0.0,34.375,51.1,33.92,Modéré
Oulad Barhil,2026-09-17,9,2026,-8.475,30.6408,30.2,17.5,23.85,0.0,31.3,56.9,0.0,0.0,39.125,56.89999999999999,36.85,Modéré
Oulad Barhil,2026-09-18,9,2026,-8.475,30.6408,30.6,16.4,23.5,0.0,28.0,54.7,0.0,0.0,35.0,54.7,35.16,Modéré
Oulad Barhil,2026-09-19,9,2026,-8.475,30.6408,35.8,18.1,26.95,0.6000000000000001,23.5,40.3,0.0,1.5000000000000002,29.375,40.3,26.88,Faible
Oulad Barhil,2026-09-20,9,2026,-8.475,30.6408,38.5,25.1,31.8,0.0,15.8,28.8,18.000000000000007,0.0,19.75,28.800000000000004,23.28,Faible
Bir Jdid,2026-09-14,9,2026,-8.0002,33.3737,33.6,22.4,28.0,0.0,14.9,28.8,0.0,0.0,18.625,28.800000000000004,23.3,Faible
Bir Jdid,2026-09-15,9,2026,-8.0002,33.3737,29.0,20.6,24.8,0.0,17.3,33.5,0.0,0.0,21.625,33.5,20.46,Faible
Bir Jdid,2026-09-16,9,2026,-8.0002,33.3737,25.9,19.7,22.799999999999997,0.0,19.8,37.8,0.0,0.0,24.75,37.8,22.53,Faible
Bir Jdid,2026-09-17,9,2026,-8.0002,33.3737,25.9,18.3,22.1,0.0,16.6,32.0,0.0,0.0,20.75,32.0,21.79,Faible
Bir Jdid,2026-09-18,9,2026,-8.0002,33.3737,26.0,17.2,21.6,0.0,21.3,41.4,0.0,0.0,26.625,41.4,26.08,Faible
Bir Jdid,2026-09-19,9,2026,-8.0002,33.3737,27.9,19.0,23.45,0.0,19.5,37.1,0.0,0.0,24.375,37.1,22.22,Faible
Bir Jdid,2026-09-20,9,2026,-8.0002,33.3737,30.9,20.1,25.5,0.0,17.9,35.6,0.0,0.0,22.374999999999996,35.6,21.27,Faible
Bou Arfa,2026-09-14,9,2026,-1.9631,32.531,34.1,21.5,27.8,0.1,17.2,29.9,0.0,0.25,21.5,29.9,21.42,Faible
Bou Arfa,2026-09-15,9,2026,-1.9631,32.531,32.2,20.0,26.1,0.1,20.3,31.7,0.0,0.25,25.375000000000004,31.7,22.93,Faible
Bou Arfa,2026-09-16,9,2026,-1.9631,32.531,29.3,20.2,24.75,0.0,15.6,24.8,0.0,0.0,19.5,24.8,19.31,Faible
Bou Arfa,2026-09-17,9,2026,-1.9631,32.531,30.3,17.5,23.9,0.0,21.8,33.8,0.0,0.0,27.250000000000004,33.8,23.95,Faible
Bou Arfa,2026-09-18,9,2026,-1.9631,32.531,29.3,17.9,23.6,0.0,16.1,23.8,0.0,0.0,20.125,23.8,19.17,Faible
Bou Arfa,2026-09-19,9,2026,-1.9631,32.531,32.1,20.2,26.15,0.0,11.4,22.0,0.0,0.0,14.250000000000002,22.0,17.16,Faible
Bou Arfa,2026-09-20,9,2026,-1.9631,32.531,31.5,18.8,25.15,0.0,13.8,19.8,0.0,0.0,17.25,19.8,17.25,Faible
Tahannawt,2026-09-14,9,2026,-7.9508,31.3514,35.3,24.2,29.75,0.0,22.4,41.0,0.0,0.0,27.999999999999996,41.0,26.3,Faible
Tahannawt,2026-09-15,9,2026,-7.9508,31.3514,34.3,22.9,28.599999999999998,0.0,19.9,37.4,0.0,0.0,24.874999999999996,37.4,24.44,Faible
Tahannawt,2026-09-16,9,2026,-7.9508,31.3514,30.7,18.4,24.549999999999997,0.0,17.5,33.1,0.0,0.0,21.875,33.1,25.4,Faible
Tahannawt,2026-09-17,9,2026,-7.9508,31.3514,26.5,15.0,20.75,0.0,14.1,27.7,0.0,0.0,17.625,27.699999999999996,22.72,Faible
Tahannawt,2026-09-18,9,2026,-7.9508,31.3514,27.6,14.8,21.200000000000003,0.0,14.0,27.0,0.0,0.0,17.5,27.0,19.48,Faible
Tahannawt,2026-09-19,9,2026,-7.9508,31.3514,31.4,17.3,24.35,0.9,13.9,24.5,0.0,2.25,17.375,24.5,19.37,Faible
Tahannawt,2026-09-20,9,2026,-7.9508,31.3514,33.7,18.0,25.85,0.0,15.9,27.0,0.0,0.0,19.875,27.0,20.07,Faible
Arfoud,2026-09-14,9,2026,-4.2328,31.4361,38.0,23.5,30.75,0.2,14.4,22.0,7.5,0.5,18.0,22.0,19.38,Faible
Arfoud,2026-09-15,9,2026,-4.2328,31.4361,34.4,26.5,30.45,0.0,22.8,41.0,4.499999999999993,0.0,28.500000000000004,41.0,27.1,Faible
Arfoud,2026-09-16,9,2026,-4.2328,31.4361,34.8,23.2,29.0,0.0,13.0,21.2,0.0,0.0,16.25,21.2,17.42,Faible
Arfoud,2026-09-17,9,2026,-4.2328,31.4361,35.3,23.2,29.25,0.0,12.0,20.2,0.0,0.0,15.0,20.2,16.81,Faible
Arfoud,2026-09-18,9,2026,-4.2328,31.4361,35.2,24.6,29.900000000000002,0.0,15.0,27.0,0.0,0.0,18.75,27.0,19.79,Faible
Arfoud,2026-09-19,9,2026,-4.2328,31.4361,33.2,23.6,28.400000000000002,0.0,14.8,23.4,0.0,0.0,18.5,23.4,18.64,Faible
Arfoud,2026-09-20,9,2026,-4.2328,31.4361,34.4,20.6,27.5,0.0,8.4,16.2,0.0,0.0,10.500000000000002,16.2,14.48,Faible
Tahla,2026-09-14,9,2026,-4.42,34.05,36.5,21.7,29.1,0.0,12.7,24.5,0.0,0.0,15.875,24.5,18.32,Faible
Tahla,2026-09-15,9,2026,-4.42,34.05,35.3,21.3,28.299999999999997,0.0,17.1,31.7,0.0,0.0,21.375000000000004,31.7,21.85,Faible
Tahla,2026-09-16,9,2026,-4.42,34.05,30.5,18.9,24.7,0.0,17.3,33.5,0.0,0.0,21.625,33.5,25.46,Faible
Tahla,2026-09-17,9,2026,-4.42,34.05,27.5,16.8,22.15,0.0,14.8,28.4,0.0,0.0,18.5,28.4,20.14,Faible
Tahla,2026-09-18,9,2026,-4.42,34.05,30.9,16.2,23.549999999999997,0.0,21.2,40.0,0.0,0.0,26.5,40.0,25.62,Faible
Tahla,2026-09-19,9,2026,-4.42,34.05,35.6,21.3,28.450000000000003,0.0,19.5,38.2,0.0,0.0,24.375,38.2,24.55,Faible
Tahla,2026-09-20,9,2026,-4.42,34.05,36.5,22.5,29.5,0.0,22.7,41.0,0.0,0.0,28.375,41.0,29.39,Faible
Missour,2026-09-14,9,2026,-3.9908,33.05,36.4,19.7,28.049999999999997,0.0,23.8,44.6,0.0,0.0,29.75,44.6,27.82,Faible
Missour,2026-09-15,9,2026,-3.9908,33.05,35.5,19.7,27.6,0.1,22.8,42.8,0.0,0.25,28.500000000000004,42.8,27.04,Faible
Missour,2026-09-16,9,2026,-3.9908,33.05,31.3,17.9,24.6,0.0,14.3,22.7,0.0,0.0,17.875000000000004,22.7,18.28,Faible
Missour,2026-09-17,9,2026,-3.9908,33.05,33.2,17.9,25.55,0.0,33.4,56.9,0.0,0.0,41.75,56.89999999999999,34.51,Modéré
Missour,2026-09-18,9,2026,-3.9908,33.05,29.9,15.9,22.9,0.0,28.6,45.4,0.0,0.0,35.75000000000001,45.4,29.56,Faible
Missour,2026-09-19,9,2026,-3.9908,33.05,33.1,17.6,25.35,0.0,13.8,25.9,0.0,0.0,17.25,25.900000000000002,19.08,Faible
Missour,2026-09-20,9,2026,-3.9908,33.05,34.5,18.8,26.65,0.0,19.5,29.2,0.0,0.0,24.375,29.2,21.85,Faible
Sidi Lmokhtar,2026-09-14,9,2026,-9.01,31.57,40.4,24.8,32.6,0.0,26.4,46.1,26.00000000000001,0.0,32.99999999999999,46.1,32.98,Modéré
Sidi Lmokhtar,2026-09-15,9,2026,-9.01,31.57,39.0,24.6,31.8,0.0,24.5,41.0,18.000000000000007,0.0,30.625000000000004,41.0,29.66,Faible
Sidi Lmokhtar,2026-09-16,9,2026,-9.01,31.57,34.0,21.3,27.65,0.0,27.3,45.7,0.0,0.0,34.125,45.7,32.24,Modéré
Sidi Lmokhtar,2026-09-17,9,2026,-9.01,31.57,28.5,17.4,22.95,0.0,20.7,36.0,0.0,0.0,25.874999999999996,36.0,24.27,Faible
Sidi Lmokhtar,2026-09-18,9,2026,-9.01,31.57,31.0,17.1,24.05,0.0,17.3,29.2,0.0,0.0,21.625,29.2,24.17,Faible
Sidi Lmokhtar,2026-09-19,9,2026,-9.01,31.57,34.6,18.2,26.4,2.4,14.3,40.0,0.0,6.0,17.875000000000004,40.0,20.27,Faible
Sidi Lmokhtar,2026-09-20,9,2026,-9.01,31.57,38.0,21.3,29.65,0.0,21.4,33.8,0.0,0.0,26.749999999999996,33.8,23.83,Faible
Douar Toulal,2026-09-14,9,2026,-5.6021,33.8951,37.9,23.4,30.65,0.0,17.8,39.2,6.499999999999987,0.0,22.25,39.2,25.3,Faible
Douar Toulal,2026-09-15,9,2026,-5.6021,33.8951,34.5,21.4,27.95,0.0,18.1,40.0,0.0,0.0,22.625,40.0,24.66,Faible
Douar Toulal,2026-09-16,9,2026,-5.6021,33.8951,30.6,18.9,24.75,0.0,18.6,41.0,0.0,0.0,23.25,41.0,28.11,Faible
Douar Toulal,2026-09-17,9,2026,-5.6021,33.8951,26.6,17.6,22.1,0.0,14.5,32.8,0.0,0.0,18.125,32.8,21.37,Faible
Douar Toulal,2026-09-18,9,2026,-5.6021,33.8951,30.3,15.6,22.95,0.0,13.7,31.0,0.0,0.0,17.125,31.0,20.58,Faible
Douar Toulal,2026-09-19,9,2026,-5.6021,33.8951,35.1,19.0,27.05,0.0,9.5,32.4,0.0,0.0,11.875,32.4,19.69,Faible
Douar Toulal,2026-09-20,9,2026,-5.6021,33.8951,37.4,21.8,29.6,0.0,18.4,34.9,0.0,0.0,23.0,34.9,23.22,Faible
Oulad Yaïch,2026-09-14,9,2026,-6.3333,32.4167,40.4,24.0,32.2,0.0,25.2,52.2,22.00000000000003,0.0,31.5,52.2,33.84,Modéré
Oulad Yaïch,2026-09-15,9,2026,-6.3333,32.4167,38.8,24.9,31.849999999999998,0.0,20.2,36.0,18.49999999999998,0.0,25.25,36.0,26.89,Faible
Oulad Yaïch,2026-09-16,9,2026,-6.3333,32.4167,34.8,20.5,27.65,0.0,17.2,33.1,0.0,0.0,21.5,33.1,25.3,Faible
Oulad Yaïch,2026-09-17,9,2026,-6.3333,32.4167,32.0,17.8,24.9,0.0,14.8,26.3,0.0,0.0,18.5,26.3,19.52,Faible
Oulad Yaïch,2026-09-18,9,2026,-6.3333,32.4167,33.8,17.9,25.849999999999998,0.0,5.6,13.7,0.0,0.0,6.999999999999999,13.699999999999998,12.86,Faible
Oulad Yaïch,2026-09-19,9,2026,-6.3333,32.4167,35.8,21.9,28.849999999999998,0.6000000000000001,14.3,28.4,0.0,1.5000000000000002,17.875000000000004,28.4,20.44,Faible
Oulad Yaïch,2026-09-20,9,2026,-6.3333,32.4167,37.8,26.7,32.25,0.0,18.0,37.1,22.5,0.0,22.5,37.1,27.13,Faible
Zawyat ech Cheïkh,2026-09-14,9,2026,-5.9214,32.6541,38.1,19.3,28.700000000000003,0.0,16.7,46.1,0.0,0.0,20.875,46.1,26.05,Faible
Zawyat ech Cheïkh,2026-09-15,9,2026,-5.9214,32.6541,36.0,19.6,27.8,0.0,21.0,37.1,0.0,0.0,26.25,37.1,24.69,Faible
Zawyat ech Cheïkh,2026-09-16,9,2026,-5.9214,32.6541,32.1,17.3,24.700000000000003,0.0,14.3,25.9,0.0,0.0,17.875000000000004,25.900000000000002,22.24,Faible
Zawyat ech Cheïkh,2026-09-17,9,2026,-5.9214,32.6541,30.2,17.1,23.65,0.0,13.4,27.7,0.0,0.0,16.75,27.699999999999996,19.5,Faible
Zawyat ech Cheïkh,2026-09-18,9,2026,-5.9214,32.6541,32.3,14.8,23.549999999999997,0.0,9.5,16.9,0.0,0.0,11.875,16.9,15.04,Faible
Zawyat ech Cheïkh,2026-09-19,9,2026,-5.9214,32.6541,34.1,19.5,26.8,0.3,10.4,21.2,0.0,0.75,13.0,21.2,16.84,Faible
Zawyat ech Cheïkh,2026-09-20,9,2026,-5.9214,32.6541,36.7,19.6,28.150000000000002,0.0,14.3,31.7,0.0,0.0,17.875000000000004,31.7,20.98,Faible
Imi-n-Tanout,2026-09-14,9,2026,-8.8504,31.177,35.2,25.1,30.150000000000002,0.0,25.6,43.2,1.5000000000000213,0.0,32.0,43.2,28.18,Faible
Imi-n-Tanout,2026-09-15,9,2026,-8.8504,31.177,34.3,24.6,29.45,0.0,24.8,43.2,0.0,0.0,31.0,43.2,27.71,Faible
Imi-n-Tanout,2026-09-16,9,2026,-8.8504,31.177,30.3,19.9,25.1,0.0,25.0,43.6,0.0,0.0,31.25,43.6,30.89,Modéré
Imi-n-Tanout,2026-09-17,9,2026,-8.8504,31.177,25.6,16.4,21.0,0.0,17.4,30.6,0.0,0.0,21.749999999999996,30.599999999999998,19.62,Faible
Imi-n-Tanout,2026-09-18,9,2026,-8.8504,31.177,26.9,15.6,21.25,0.0,18.4,32.4,0.0,0.0,23.0,32.4,22.47,Faible
Imi-n-Tanout,2026-09-19,9,2026,-8.8504,31.177,31.5,18.5,25.0,2.1,11.6,24.5,0.0,5.250000000000001,14.499999999999998,24.5,19.55,Faible
Imi-n-Tanout,2026-09-20,9,2026,-8.8504,31.177,33.3,21.8,27.549999999999997,0.3,12.2,25.9,0.0,0.75,15.25,25.900000000000002,18.81,Faible
Sebt Gzoula,2026-09-14,9,2026,-9.0889,32.1219,40.7,27.8,34.25,0.0,23.0,43.6,42.5,0.0,28.749999999999996,43.6,33.64,Modéré
Sebt Gzoula,2026-09-15,9,2026,-9.0889,32.1219,37.8,24.0,30.9,0.0,24.8,45.4,8.999999999999986,0.0,31.0,45.4,29.72,Faible
Sebt Gzoula,2026-09-16,9,2026,-9.0889,32.1219,30.8,20.4,25.6,0.0,21.6,40.0,0.0,0.0,27.0,40.0,25.75,Faible
Sebt Gzoula,2026-09-17,9,2026,-9.0889,32.1219,27.3,18.1,22.700000000000003,0.0,17.5,33.1,0.0,0.0,21.875,33.1,22.4,Faible
Sebt Gzoula,2026-09-18,9,2026,-9.0889,32.1219,30.6,18.0,24.3,0.0,20.4,36.7,0.0,0.0,25.5,36.7,24.38,Faible
Sebt Gzoula,2026-09-19,9,2026,-9.0889,32.1219,32.1,19.0,25.55,0.0,17.1,31.7,0.0,0.0,21.375000000000004,31.7,21.85,Faible
Sebt Gzoula,2026-09-20,9,2026,-9.0889,32.1219,38.3,22.7,30.5,0.0,19.6,38.2,5.0,0.0,24.500000000000004,38.2,28.34,Faible
Tifariti,2026-09-14,9,2026,-10.567,26.158,35.9,25.6,30.75,2.3,30.8,47.2,7.5,5.75,38.5,47.2,29.64,Faible
Tifariti,2026-09-15,9,2026,-10.567,26.158,36.6,24.3,30.450000000000003,0.6000000000000001,18.7,29.5,4.500000000000028,1.5000000000000002,23.375,29.5,18.82,Faible
Tifariti,2026-09-16,9,2026,-10.567,26.158,36.8,21.8,29.299999999999997,0.0,30.0,45.4,0.0,0.0,37.5,45.4,32.99,Modéré
Tifariti,2026-09-17,9,2026,-10.567,26.158,31.5,17.9,24.7,0.0,33.5,52.6,0.0,0.0,41.875,52.6,36.25,Modéré
Tifariti,2026-09-18,9,2026,-10.567,26.158,29.1,16.3,22.700000000000003,0.0,30.3,47.9,0.0,0.0,37.875,47.9,30.84,Modéré
Tifariti,2026-09-19,9,2026,-10.567,26.158,33.0,16.1,24.55,0.0,20.1,34.6,0.0,0.0,25.125000000000004,34.6,23.66,Faible
Tifariti,2026-09-20,9,2026,-10.567,26.158,35.6,21.3,28.450000000000003,4.4,33.8,50.8,0.0,11.000000000000002,42.25,50.8,32.1,Modéré
